survived,num__age,num__sibsp,num__parch,num__familiares,fare__fare,cat__sex_male,cat__embarked_Q,cat__embarked_S,cat__titulo_Miss,cat__titulo_Mr,cat__titulo_Mrs,cat__titulo_Otro,cat__pclass_2,cat__pclass_3
0,-0.5577910277347753,0.4327933656785018,-0.4736736092984604,0.059159876663617696,-0.8797405693934278,1.0,0.0,1.0,0.0,1.0,0.0,0.0,0.0,1.0
1,0.5741733858870235,0.4327933656785018,-0.4736736092984604,0.059159876663617696,1.3612199269233833,0.0,0.0,0.0,0.0,0.0,1.0,0.0,0.0,0.0
1,-0.27479992432932565,-0.47454519624983954,-0.4736736092984604,-0.5609748304808925,-0.798539974052802,0.0,0.0,1.0,1.0,0.0,0.0,0.0,0.0,1.0
1,0.3619300583329362,0.4327933656785018,-0.4736736092984604,0.059159876663617696,1.0620380556287106,0.0,0.0,1.0,0.0,0.0,1.0,0.0,0.0,0.0
0,0.3619300583329362,-0.47454519624983954,-0.4736736092984604,-0.5609748304808925,-0.7841792430073967,1.0,0.0,1.0,0.0,1.0,0.0,0.0,0.0,1.0
0,1.267501589230375,-0.47454519624983954,-0.4736736092984604,-0.5609748304808925,-0.7386163019798164,1.0,1.0,0.0,0.0,1.0,0.0,0.0,0.0,1.0
0,1.7061377995088223,-0.47454519624983954,-0.4736736092984604,-0.5609748304808925,1.038145562232327,1.0,0.0,1.0,0.0,1.0,0.0,0.0,0.0,0.0
0,-1.9727465447620238,2.2474704895351842,0.7676298785983874,1.9195639980971482,0.1364991380659541,1.0,0.0,1.0,0.0,0.0,0.0,0.0,0.0,1.0
1,-0.2040521484779632,-0.47454519624983954,2.0089333664952354,0.6792945838081278,-0.48145578049281335,0.0,0.0,1.0,0.0,0.0,1.0,0.0,0.0,1.0
1,-1.1237732345456748,0.4327933656785018,-0.4736736092984604,0.059159876663617696,0.4894379098126231,0.0,0.0,0.0,0.0,0.0,1.0,0.0,1.0,0.0
1,-1.831250993059299,0.4327933656785018,0.7676298785983874,0.6792945838081278,-0.09156500424402261,0.0,0.0,1.0,1.0,0.0,0.0,0.0,0.0,1.0
1,1.989128902914272,-0.47454519624983954,-0.4736736092984604,-0.5609748304808925,0.36526093570402607,0.0,0.0,1.0,1.0,0.0,0.0,0.0,0.0,0.0
0,-0.6992865794375002,-0.47454519624983954,-0.4736736092984604,-0.5609748304808925,-0.7841792430073967,1.0,0.0,1.0,0.0,1.0,0.0,0.0,0.0,1.0
0,0.6449211617383859,0.4327933656785018,5.73284383018578,3.1598334123861687,0.5286989276421437,1.0,0.0,1.0,0.0,1.0,0.0,0.0,0.0,1.0
0,-1.1237732345456748,-0.47454519624983954,-0.4736736092984604,-0.5609748304808925,-0.806763380796033,0.0,0.0,1.0,1.0,0.0,0.0,0.0,0.0,1.0
1,1.7768855753601847,-0.47454519624983954,-0.4736736092984604,-0.5609748304808925,-0.13322852057373055,0.0,0.0,1.0,0.0,0.0,1.0,0.0,1.0,0.0
0,-1.9727465447620238,3.1548090514635256,0.7676298785983874,2.5396987052416584,0.457519539438721,1.0,1.0,0.0,0.0,0.0,0.0,0.0,0.0,1.0
1,0.12138762043830403,-0.47454519624983954,-0.4736736092984604,-0.5609748304808925,-0.3336984726090336,1.0,0.0,1.0,0.0,1.0,0.0,0.0,1.0,0.0
0,0.07893895492748648,0.4327933656785018,-0.4736736092984604,0.059159876663617696,-0.01838583697289204,0.0,0.0,1.0,0.0,0.0,1.0,0.0,0.0,1.0
1,-0.09651552918389236,-0.47454519624983954,-0.4736736092984604,-0.5609748304808925,-0.8828741679067217,0.0,0.0,0.0,0.0,0.0,1.0,0.0,0.0,1.0
0,0.3619300583329362,-0.47454519624983954,-0.4736736092984604,-0.5609748304808925,0.3444394801955362,1.0,0.0,1.0,0.0,1.0,0.0,0.0,1.0,0.0
1,0.29118228248157374,-0.47454519624983954,-0.4736736092984604,-0.5609748304808925,-0.3336984726090336,1.0,0.0,1.0,0.0,1.0,0.0,0.0,1.0,0.0
1,-1.0530254586943124,-0.47454519624983954,-0.4736736092984604,-0.5609748304808925,-0.7865550587251358,0.0,1.0,0.0,1.0,0.0,0.0,0.0,0.0,1.0
1,-0.13330437262660078,-0.47454519624983954,-0.4736736092984604,-0.5609748304808925,0.6557188297748954,1.0,0.0,1.0,0.0,1.0,0.0,0.0,0.0,0.0
0,-1.5482598896538493,2.2474704895351842,0.7676298785983874,1.9195639980971482,0.1364991380659541,0.0,0.0,1.0,1.0,0.0,0.0,0.0,0.0,1.0
1,0.5741733858870235,0.4327933656785018,5.73284383018578,3.1598334123861687,0.5322916934007406,0.0,0.0,1.0,0.0,0.0,1.0,0.0,0.0,1.0
0,0.4913984881409293,-0.47454519624983954,-0.4736736092984604,-0.5609748304808925,-0.8828741679067217,1.0,0.0,0.0,0.0,1.0,0.0,0.0,0.0,1.0
0,-0.7700343552888627,2.2474704895351842,2.0089333664952354,2.5396987052416584,2.6987007794454887,1.0,0.0,1.0,0.0,1.0,0.0,0.0,0.0,0.0
1,-0.7700343552888627,-0.47454519624983954,-0.4736736092984604,-0.5609748304808925,-0.8038521494426432,0.0,1.0,0.0,1.0,0.0,0.0,0.0,0.0,1.0
0,-0.20829701502904488,-0.47454519624983954,-0.4736736092984604,-0.5609748304808925,-0.8019236166026618,1.0,0.0,1.0,0.0,1.0,0.0,0.0,0.0,1.0
0,0.7156689375897483,-0.47454519624983954,-0.4736736092984604,-0.5609748304808925,0.4082334475616762,1.0,0.0,0.0,0.0,0.0,0.0,1.0,0.0,0.0
1,-0.18424277123958166,0.4327933656785018,-0.4736736092984604,0.059159876663617696,2.097794920021772,0.0,0.0,0.0,0.0,0.0,1.0,0.0,0.0,0.0
1,-0.5224171398090941,-0.47454519624983954,-0.4736736092984604,-0.5609748304808925,-0.8189865811572414,0.0,1.0,0.0,1.0,0.0,0.0,0.0,0.0,1.0
0,2.5551111097251713,-0.47454519624983954,-0.4736736092984604,-0.5609748304808925,-0.5368057694182641,1.0,0.0,1.0,0.0,1.0,0.0,0.0,1.0,0.0
0,-0.13330437262660078,0.4327933656785018,-0.4736736092984604,0.059159876663617696,1.5060857797883969,1.0,0.0,0.0,0.0,1.0,0.0,0.0,0.0,0.0
0,0.8571644892924731,0.4327933656785018,-0.4736736092984604,0.059159876663617696,1.0408277503255374,1.0,0.0,1.0,0.0,1.0,0.0,0.0,0.0,0.0
1,-0.3596972553509605,-0.47454519624983954,-0.4736736092984604,-0.5609748304808925,-0.8823470582632056,1.0,0.0,0.0,0.0,1.0,0.0,0.0,0.0,1.0
0,-0.6285388035861378,-0.47454519624983954,-0.4736736092984604,-0.5609748304808925,-0.7841792430073967,1.0,0.0,1.0,0.0,1.0,0.0,0.0,0.0,1.0
0,-0.840782131140225,1.340131927606843,-0.4736736092984604,0.6792945838081278,-0.01838583697289204,0.0,0.0,1.0,1.0,0.0,0.0,0.0,0.0,1.0
1,-1.1237732345456748,0.4327933656785018,-0.4736736092984604,0.059159876663617696,-0.47227211715402734,0.0,0.0,0.0,1.0,0.0,0.0,0.0,0.0,1.0
0,0.7156689375897483,0.4327933656785018,-0.4736736092984604,0.059159876663617696,-0.6331972544104215,0.0,0.0,1.0,0.0,0.0,1.0,0.0,0.0,1.0
0,-0.2040521484779632,0.4327933656785018,-0.4736736092984604,0.059159876663617696,0.1329851701219792,0.0,0.0,1.0,0.0,0.0,1.0,0.0,1.0,0.0
0,0.17303349680979838,-0.47454519624983954,-0.4736736092984604,-0.5609748304808925,-0.8019236166026618,1.0,0.0,0.0,0.0,1.0,0.0,0.0,0.0,1.0
1,-1.9019987689106614,0.4327933656785018,2.0089333664952354,1.299429290952638,0.8147822510349934,0.0,0.0,0.0,1.0,0.0,0.0,0.0,1.0,0.0
1,-0.7700343552888627,-0.47454519624983954,-0.4736736092984604,-0.5609748304808925,-0.8038521494426432,0.0,1.0,0.0,1.0,0.0,0.0,0.0,0.0,1.0
0,-0.47289369671314047,-0.47454519624983954,-0.4736736092984604,-0.5609748304808925,-0.7841792430073967,1.0,0.0,1.0,0.0,1.0,0.0,0.0,0.0,1.0
0,1.267501589230375,0.4327933656785018,-0.4736736092984604,0.059159876663617696,-0.16405229962564447,1.0,1.0,0.0,0.0,1.0,0.0,0.0,0.0,1.0
1,-0.5224171398090941,-0.47454519624983954,-0.4736736092984604,-0.5609748304808925,-0.8189865811572414,0.0,1.0,0.0,1.0,0.0,0.0,0.0,0.0,1.0
0,-0.5648658053199117,1.340131927606843,-0.4736736092984604,0.6792945838081278,0.16437971416667366,1.0,0.0,0.0,0.0,1.0,0.0,0.0,0.0,1.0
0,-0.840782131140225,0.4327933656785018,-0.4736736092984604,0.059159876663617696,-0.029312075627065143,0.0,0.0,1.0,0.0,0.0,1.0,0.0,0.0,1.0
0,-1.6190076655052117,3.1548090514635256,0.7676298785983874,2.5396987052416584,0.7678594338107121,1.0,0.0,1.0,0.0,0.0,0.0,0.0,0.0,1.0
0,-0.6285388035861378,-0.47454519624983954,-0.4736736092984604,-0.5609748304808925,-0.8131032608653792,1.0,0.0,1.0,0.0,1.0,0.0,0.0,0.0,1.0
1,1.3523989202520101,0.4327933656785018,-0.4736736092984604,0.059159876663617696,1.4362199751817062,0.0,0.0,0.0,0.0,0.0,1.0,0.0,0.0,0.0
1,-0.06255659677523837,0.4327933656785018,-0.4736736092984604,0.059159876663617696,0.3444394801955362,0.0,0.0,1.0,0.0,0.0,1.0,0.0,1.0,0.0
0,2.4843633338738087,-0.47454519624983954,0.7676298785983874,0.059159876663617696,1.2189504454470093,1.0,0.0,0.0,0.0,1.0,0.0,0.0,0.0,0.0
1,0.4680517221099798,-0.47454519624983954,-0.4736736092984604,-0.5609748304808925,0.6557188297748954,1.0,0.0,1.0,0.0,1.0,0.0,0.0,0.0,0.0
1,-0.6285388035861378,-0.47454519624983954,-0.4736736092984604,-0.5609748304808925,-0.5368057694182641,0.0,0.0,1.0,1.0,0.0,0.0,0.0,1.0,0.0
0,-0.09793048470091957,-0.47454519624983954,-0.4736736092984604,-0.5609748304808925,-0.8823470582632056,1.0,0.0,0.0,0.0,1.0,0.0,0.0,0.0,1.0
1,-1.7605032172079365,0.4327933656785018,2.0089333664952354,1.299429290952638,0.40928266156909443,0.0,0.0,1.0,1.0,0.0,0.0,0.0,1.0,0.0
0,-1.336016562099762,4.0621476133918675,2.0089333664952354,3.779968119530679,0.936361092700485,1.0,0.0,1.0,0.0,0.0,0.0,0.0,0.0,1.0
0,-0.5577910277347753,-0.47454519624983954,-0.4736736092984604,-0.5609748304808925,-0.8823470582632056,1.0,0.0,0.0,0.0,1.0,0.0,0.0,0.0,1.0
1,0.5741733858870235,-0.47454519624983954,-0.4736736092984604,-0.5609748304808925,1.4787785499834798,0.0,0.0,1.0,1.0,0.0,0.0,0.0,0.0,0.0
0,1.0694078168465604,0.4327933656785018,-0.4736736092984604,0.059159876663617696,1.5221510751129648,1.0,0.0,1.0,0.0,1.0,0.0,0.0,0.0,0.0
0,-1.831250993059299,2.2474704895351842,2.0089333664952354,2.5396987052416584,0.4146557174979072,1.0,0.0,1.0,0.0,0.0,0.0,0.0,0.0,1.0
0,0.05912957768910492,-0.47454519624983954,-0.4736736092984604,-0.5609748304808925,0.4082334475616762,1.0,0.0,0.0,0.0,1.0,0.0,0.0,0.0,0.0
1,-1.6197151432637253,0.4327933656785018,0.7676298785983874,0.6792945838081278,-0.1800831698720664,1.0,0.0,0.0,0.0,0.0,0.0,0.0,0.0,1.0
1,-0.06255659677523837,-0.47454519624983954,-0.4736736092984604,-0.5609748304808925,-0.5368057694182641,0.0,0.0,1.0,0.0,0.0,1.0,0.0,1.0,0.0
0,-0.7700343552888627,-0.47454519624983954,-0.4736736092984604,-0.5609748304808925,-0.7718965778779472,1.0,0.0,1.0,0.0,1.0,0.0,0.0,0.0,1.0
1,-0.9115299069915874,3.1548090514635256,2.0089333664952354,3.1598334123861687,-0.798539974052802,0.0,0.0,1.0,1.0,0.0,0.0,0.0,0.0,1.0
0,-0.27479992432932565,1.340131927606843,-0.4736736092984604,0.6792945838081278,-0.7165619336211217,1.0,0.0,1.0,0.0,1.0,0.0,0.0,0.0,1.0
0,0.14968673077884892,-0.47454519624983954,-0.4736736092984604,-0.5609748304808925,-0.5368057694182641,1.0,0.0,1.0,0.0,1.0,0.0,0.0,1.0,0.0
0,-0.9822776828429499,4.0621476133918675,2.0089333664952354,3.779968119530679,0.936361092700485,0.0,0.0,1.0,1.0,0.0,0.0,0.0,0.0,1.0
0,-0.6285388035861378,-0.47454519624983954,-0.4736736092984604,-0.5609748304808925,1.3924082286355355,1.0,0.0,1.0,0.0,1.0,0.0,0.0,1.0,0.0
0,-0.27479992432932565,0.4327933656785018,-0.4736736092984604,0.059159876663617696,-0.23166125968823223,1.0,0.0,0.0,0.0,1.0,0.0,0.0,0.0,1.0
1,0.14968673077884892,-0.47454519624983954,-0.4736736092984604,-0.5609748304808925,1.1248955097361604,1.0,0.0,1.0,0.0,1.0,0.0,0.0,0.0,1.0
0,-0.3455477001806881,-0.47454519624983954,-0.4736736092984604,-0.5609748304808925,-0.830854756854953,1.0,0.0,1.0,0.0,1.0,0.0,0.0,0.0,1.0
0,-0.20829701502904488,-0.47454519624983954,-0.4736736092984604,-0.5609748304808925,-0.8019236166026618,1.0,0.0,1.0,0.0,1.0,0.0,0.0,0.0,1.0
0,-0.47289369671314047,-0.47454519624983954,-0.4736736092984604,-0.5609748304808925,-0.7841792430073967,1.0,0.0,1.0,0.0,1.0,0.0,0.0,0.0,1.0
1,-2.055521442508118,-0.47454519624983954,2.0089333664952354,0.6792945838081278,0.4532263111425748,1.0,0.0,1.0,0.0,0.0,0.0,0.0,1.0,0.0
1,0.00819117907612406,-0.47454519624983954,-0.4736736092984604,-0.5609748304808925,-0.37316263612134226,0.0,0.0,1.0,1.0,0.0,0.0,0.0,0.0,1.0
0,-0.5577910277347753,-0.47454519624983954,-0.4736736092984604,-0.5609748304808925,-0.6811127586453682,1.0,0.0,1.0,0.0,1.0,0.0,0.0,0.0,1.0
1,-0.06255659677523837,-0.47454519624983954,-0.4736736092984604,-0.5609748304808925,-0.6307359423566569,1.0,0.0,1.0,0.0,1.0,0.0,0.0,0.0,1.0
1,-0.5974097822115382,-0.47454519624983954,-0.4736736092984604,-0.5609748304808925,-0.8145709511162281,0.0,1.0,0.0,1.0,0.0,0.0,0.0,0.0,1.0
0,-0.13330437262660078,-0.47454519624983954,-0.4736736092984604,-0.5609748304808925,0.940663265248102,1.0,0.0,1.0,0.0,1.0,0.0,0.0,0.0,0.0
1,-0.9115299069915874,-0.47454519624983954,-0.4736736092984604,-0.5609748304808925,-0.5368057694182641,0.0,0.0,1.0,1.0,0.0,0.0,0.0,1.0,0.0
1,0.22043450663021133,2.2474704895351842,-0.4736736092984604,1.299429290952638,-0.1423794216910609,0.0,0.0,1.0,0.0,0.0,1.0,0.0,0.0,1.0
0,-0.9822776828429499,0.4327933656785018,3.250236854392083,1.9195639980971482,0.6233938271906204,1.0,0.0,1.0,0.0,1.0,0.0,0.0,0.0,1.0
0,-0.47289369671314047,-0.47454519624983954,-0.4736736092984604,-0.5609748304808925,-0.7841792430073967,1.0,0.0,1.0,0.0,1.0,0.0,0.0,0.0,1.0
1,-0.4870432518834129,2.2474704895351842,2.0089333664952354,2.5396987052416584,2.6987007794454887,0.0,0.0,1.0,1.0,0.0,0.0,0.0,0.0,0.0
0,-0.41629547603205047,-0.47454519624983954,-0.4736736092984604,-0.5609748304808925,-0.7841792430073967,1.0,0.0,1.0,0.0,1.0,0.0,0.0,0.0,1.0
0,-0.06255659677523837,-0.47454519624983954,-0.4736736092984604,-0.5609748304808925,-0.7841792430073967,1.0,0.0,1.0,0.0,1.0,0.0,0.0,0.0,1.0
0,-0.6992865794375002,-0.47454519624983954,-0.4736736092984604,-0.5609748304808925,-0.806763380796033,1.0,0.0,1.0,0.0,1.0,0.0,0.0,0.0,1.0
0,1.1401555926979228,0.4327933656785018,-0.4736736092984604,0.059159876663617696,1.2056809915054134,1.0,0.0,1.0,0.0,1.0,0.0,0.0,0.0,0.0
0,-0.27479992432932565,0.4327933656785018,2.0089333664952354,1.299429290952638,0.11284358066326507,1.0,0.0,1.0,0.0,1.0,0.0,0.0,0.0,1.0
0,2.0598766787656344,-0.47454519624983954,-0.4736736092984604,-0.5609748304808925,-0.8797405693934278,1.0,0.0,1.0,0.0,1.0,0.0,0.0,0.0,1.0
0,-0.47289369671314047,-0.47454519624983954,-0.4736736092984604,-0.5609748304808925,-0.7841792430073967,1.0,0.0,1.0,0.0,1.0,0.0,0.0,0.0,1.0
0,2.908849988981983,-0.47454519624983954,-0.4736736092984604,-0.5609748304808925,0.6315110816648204,1.0,0.0,0.0,0.0,1.0,0.0,0.0,0.0,0.0
1,-0.4870432518834129,-0.47454519624983954,0.7676298785983874,0.059159876663617696,1.241316266924983,1.0,0.0,0.0,0.0,1.0,0.0,0.0,0.0,0.0
1,0.29118228248157374,-0.47454519624983954,0.7676298785983874,0.059159876663617696,0.2228261499229997,0.0,0.0,1.0,0.0,0.0,1.0,0.0,1.0,0.0
0,0.29118228248157374,0.4327933656785018,-0.4736736092984604,0.059159876663617696,0.3444394801955362,1.0,0.0,1.0,0.0,1.0,0.0,0.0,1.0,0.0
0,-0.13330437262660078,-0.47454519624983954,-0.4736736092984604,-0.5609748304808925,-0.8019236166026618,0.0,0.0,1.0,1.0,0.0,0.0,0.0,0.0,1.0
0,-0.20829701502904488,-0.47454519624983954,-0.4736736092984604,-0.5609748304808925,-0.8019236166026618,1.0,0.0,1.0,0.0,1.0,0.0,0.0,0.0,1.0
0,-0.6285388035861378,-0.47454519624983954,0.7676298785983874,0.059159876663617696,1.443609675522841,1.0,0.0,1.0,0.0,1.0,0.0,0.0,0.0,0.0
0,0.22043450663021133,-0.47454519624983954,-0.4736736092984604,-0.5609748304808925,-0.7174492400289059,1.0,0.0,1.0,0.0,1.0,0.0,0.0,0.0,1.0
0,0.503425610035661,1.340131927606843,-0.4736736092984604,0.6792945838081278,-0.798539974052802,1.0,0.0,1.0,0.0,1.0,0.0,0.0,0.0,1.0
0,-0.13330437262660078,-0.47454519624983954,-0.4736736092984604,-0.5609748304808925,-0.8019236166026618,1.0,0.0,1.0,0.0,1.0,0.0,0.0,0.0,1.0
1,-0.6285388035861378,-0.47454519624983954,-0.4736736092984604,-0.5609748304808925,-0.830854756854953,0.0,0.0,1.0,1.0,0.0,0.0,0.0,0.0,1.0
1,0.22043450663021133,-0.47454519624983954,-0.4736736092984604,-0.5609748304808925,-0.8160407306065733,1.0,0.0,1.0,0.0,1.0,0.0,0.0,0.0,1.0
0,0.5741733858870235,-0.47454519624983954,-0.4736736092984604,-0.5609748304808925,-0.8019236166026618,1.0,0.0,1.0,0.0,1.0,0.0,0.0,0.0,1.0
1,-0.6794772021991187,0.4327933656785018,-0.4736736092984604,0.059159876663617696,0.2711522804976662,0.0,1.0,0.0,1.0,0.0,0.0,0.0,0.0,1.0
0,1.2109033685492854,-0.47454519624983954,-0.4736736092984604,-0.5609748304808925,1.0408277503255374,1.0,0.0,1.0,0.0,1.0,0.0,0.0,0.0,0.0
0,-1.0883993466199935,0.4327933656785018,-0.4736736092984604,0.059159876663617696,-0.23166125968823223,0.0,0.0,0.0,1.0,0.0,0.0,0.0,0.0,1.0
0,-0.5577910277347753,-0.47454519624983954,-0.4736736092984604,-0.5609748304808925,-0.7841792430073967,1.0,0.0,1.0,0.0,1.0,0.0,0.0,0.0,1.0
0,-0.6992865794375002,0.4327933656785018,-0.4736736092984604,0.059159876663617696,-0.5992616204389827,0.0,0.0,1.0,1.0,0.0,0.0,0.0,0.0,1.0
0,-0.9115299069915874,-0.47454519624983954,-0.4736736092984604,-0.5609748304808925,-0.23138736843472296,0.0,0.0,0.0,1.0,0.0,0.0,0.0,0.0,1.0
0,-0.6285388035861378,-0.47454519624983954,-0.4736736092984604,-0.5609748304808925,-0.798539974052802,1.0,0.0,1.0,0.0,1.0,0.0,0.0,0.0,1.0
0,2.873476101056302,-0.47454519624983954,-0.4736736092984604,-0.5609748304808925,-0.8189865811572414,1.0,1.0,0.0,0.0,1.0,0.0,0.0,0.0,1.0
0,-0.06255659677523837,0.4327933656785018,-0.4736736092984604,0.059159876663617696,0.1329851701219792,1.0,0.0,1.0,0.0,1.0,0.0,0.0,1.0,0.0
0,-0.41629547603205047,-0.47454519624983954,0.7676298785983874,0.059159876663617696,2.6363132839087284,1.0,0.0,0.0,0.0,1.0,0.0,0.0,0.0,0.0
0,-1.9727465447620238,3.1548090514635256,2.0089333664952354,3.1598334123861687,0.5286989276421437,0.0,0.0,1.0,1.0,0.0,0.0,0.0,0.0,1.0
0,-0.6285388035861378,1.340131927606843,-0.4736736092984604,0.6792945838081278,1.3924082286355355,1.0,0.0,1.0,0.0,1.0,0.0,0.0,1.0,0.0
0,-0.47289369671314047,-0.47454519624983954,-0.4736736092984604,-0.5609748304808925,-0.7841792430073967,1.0,0.0,1.0,0.0,1.0,0.0,0.0,0.0,1.0
0,0.1850606187045301,0.4327933656785018,-0.4736736092984604,0.059159876663617696,0.4894379098126231,1.0,0.0,0.0,0.0,1.0,0.0,0.0,1.0,0.0
1,0.1850606187045301,-0.47454519624983954,-0.4736736092984604,-0.5609748304808925,-0.3336984726090336,0.0,0.0,1.0,1.0,0.0,0.0,0.0,1.0,0.0
0,1.7061377995088223,-0.47454519624983954,0.7676298785983874,0.059159876663617696,1.443609675522841,1.0,0.0,1.0,0.0,1.0,0.0,0.0,0.0,0.0
1,-1.2652687862483996,0.4327933656785018,-0.4736736092984604,0.059159876663617696,-0.47227211715402734,1.0,0.0,0.0,0.0,0.0,0.0,0.0,0.0,1.0
0,1.5646422478060975,-0.47454519624983954,-0.4736736092984604,-0.5609748304808925,-0.8189865811572414,1.0,1.0,0.0,0.0,1.0,0.0,0.0,0.0,1.0
1,-0.41629547603205047,-0.47454519624983954,-0.4736736092984604,-0.5609748304808925,-0.8933844909173265,1.0,0.0,1.0,0.0,1.0,0.0,0.0,0.0,1.0
1,-1.6048581103349393,0.4327933656785018,0.7676298785983874,0.6792945838081278,0.19484336402527688,0.0,0.0,0.0,1.0,0.0,0.0,0.0,0.0,1.0
0,1.0694078168465604,-0.47454519624983954,-0.4736736092984604,-0.5609748304808925,-0.9147445967366699,1.0,0.0,1.0,0.0,1.0,0.0,0.0,0.0,1.0
0,0.22043450663021133,-0.47454519624983954,-0.4736736092984604,-0.5609748304808925,-0.8019236166026618,1.0,0.0,0.0,0.0,1.0,0.0,0.0,0.0,1.0
0,-0.6992865794375002,-0.47454519624983954,-0.4736736092984604,-0.5609748304808925,-0.9050797531497122,1.0,0.0,1.0,0.0,1.0,0.0,0.0,0.0,1.0
0,1.2109033685492854,0.4327933656785018,-0.4736736092984604,0.059159876663617696,-0.2286058134653583,0.0,0.0,1.0,0.0,0.0,1.0,0.0,0.0,1.0
1,-0.06255659677523837,0.4327933656785018,-0.4736736092984604,0.059159876663617696,0.3444394801955362,0.0,0.0,1.0,0.0,0.0,1.0,0.0,1.0,0.0
0,-0.3455477001806881,-0.47454519624983954,-0.4736736092984604,-0.5609748304808925,-0.3336984726090336,1.0,0.0,1.0,0.0,1.0,0.0,0.0,1.0,0.0
0,-0.4870432518834129,-0.47454519624983954,-0.4736736092984604,-0.5609748304808925,-0.19287328396337328,1.0,0.0,0.0,0.0,1.0,0.0,0.0,1.0,0.0
1,-0.7700343552888627,-0.47454519624983954,2.0089333664952354,0.6792945838081278,0.3552168481314282,0.0,0.0,1.0,1.0,0.0,0.0,0.0,0.0,0.0
0,0.503425610035661,0.4327933656785018,-0.4736736092984604,0.059159876663617696,1.0620380556287106,1.0,0.0,1.0,0.0,1.0,0.0,0.0,0.0,0.0
0,-0.9822776828429499,-0.47454519624983954,-0.4736736092984604,-0.5609748304808925,-0.6589770356240848,1.0,0.0,1.0,0.0,1.0,0.0,0.0,0.0,1.0
0,-0.41629547603205047,-0.47454519624983954,-0.4736736092984604,-0.5609748304808925,1.4685301291949246,1.0,0.0,0.0,0.0,1.0,0.0,0.0,0.0,0.0
0,-0.06255659677523837,-0.47454519624983954,2.0089333664952354,0.6792945838081278,-0.1800831698720664,0.0,0.0,0.0,0.0,0.0,1.0,0.0,0.0,1.0
1,-0.5577910277347753,-0.47454519624983954,-0.4736736092984604,-0.5609748304808925,-0.8189865811572414,0.0,0.0,1.0,1.0,0.0,0.0,0.0,0.0,1.0
1,-0.41629547603205047,0.4327933656785018,-0.4736736092984604,0.059159876663617696,-0.1423794216910609,0.0,0.0,1.0,0.0,0.0,1.0,0.0,0.0,1.0
0,-0.7700343552888627,-0.47454519624983954,-0.4736736092984604,-0.5609748304808925,-0.9442940832331417,1.0,1.0,0.0,0.0,1.0,0.0,0.0,0.0,1.0
0,-0.840782131140225,-0.47454519624983954,-0.4736736092984604,-0.5609748304808925,-0.4507125974257932,1.0,0.0,1.0,0.0,1.0,0.0,0.0,1.0,0.0
0,-0.7700343552888627,0.4327933656785018,0.7676298785983874,0.6792945838081278,0.6904870950626278,1.0,0.0,1.0,0.0,1.0,0.0,0.0,1.0,0.0
1,-0.2040521484779632,-0.47454519624983954,-0.4736736092984604,-0.5609748304808925,-0.8135961720983267,1.0,0.0,1.0,0.0,1.0,0.0,0.0,0.0,1.0
0,-1.477512113802487,1.340131927606843,2.0089333664952354,1.9195639980971482,0.6233938271906204,0.0,0.0,1.0,1.0,0.0,0.0,0.0,0.0,1.0
0,0.4680517221099798,-0.47454519624983954,2.0089333664952354,0.6792945838081278,0.3444394801955362,1.0,0.0,1.0,0.0,1.0,0.0,0.0,1.0,0.0
0,0.8571644892924731,-0.47454519624983954,-0.4736736092984604,-0.5609748304808925,-0.3336984726090336,1.0,0.0,1.0,0.0,0.0,0.0,1.0,1.0,0.0
0,1.493894471954735,-0.47454519624983954,-0.4736736092984604,-0.5609748304808925,-0.3693384839068557,1.0,0.0,1.0,0.0,0.0,0.0,1.0,1.0,0.0
1,-0.5577910277347753,0.4327933656785018,-0.4736736092984604,0.059159876663617696,1.2920564383571118,0.0,0.0,1.0,0.0,0.0,1.0,0.0,0.0,0.0
0,1.812259463285866,-0.47454519624983954,-0.4736736092984604,-0.5609748304808925,-0.7841792430073967,1.0,0.0,1.0,0.0,1.0,0.0,0.0,0.0,1.0
0,0.7510428255154296,-0.47454519624983954,2.0089333664952354,0.6792945838081278,-0.2286058134653583,1.0,0.0,1.0,0.0,1.0,0.0,0.0,0.0,1.0
0,-0.10500526228605592,-0.47454519624983954,-0.4736736092984604,-0.5609748304808925,-0.8719479292525482,1.0,0.0,1.0,0.0,1.0,0.0,0.0,0.0,1.0
0,1.493894471954735,-0.47454519624983954,0.7676298785983874,0.059159876663617696,1.2090665177433995,1.0,0.0,0.0,0.0,1.0,0.0,0.0,0.0,0.0
1,-0.9822776828429499,-0.47454519624983954,-0.4736736092984604,-0.5609748304808925,-0.8209591021193487,0.0,1.0,0.0,1.0,0.0,0.0,0.0,0.0,1.0
0,0.00819117907612406,-0.47454519624983954,-0.4736736092984604,-0.5609748304808925,-0.7841792430073967,1.0,0.0,1.0,0.0,1.0,0.0,0.0,0.0,1.0
0,-0.15028383883092766,-0.47454519624983954,-0.4736736092984604,-0.5609748304808925,-0.7165619336211217,1.0,0.0,1.0,0.0,1.0,0.0,0.0,0.0,1.0
0,-1.6423544315361613,6.784163299176891,2.0089333664952354,5.64037224096421,1.3361591794576348,1.0,0.0,1.0,0.0,0.0,0.0,0.0,0.0,1.0
0,0.998660040995198,-0.47454519624983954,0.7676298785983874,0.059159876663617696,-0.12717266791993012,1.0,0.0,1.0,0.0,1.0,0.0,0.0,0.0,1.0
1,0.7156689375897483,-0.47454519624983954,-0.4736736092984604,-0.5609748304808925,-0.1485253917280838,0.0,0.0,1.0,0.0,0.0,1.0,0.0,1.0,0.0
0,-0.27479992432932565,-0.47454519624983954,-0.4736736092984604,-0.5609748304808925,-0.8160407306065733,1.0,0.0,1.0,0.0,1.0,0.0,0.0,0.0,1.0
0,-0.9115299069915874,-0.47454519624983954,-0.4736736092984604,-0.5609748304808925,-0.7165619336211217,1.0,0.0,1.0,0.0,1.0,0.0,0.0,0.0,1.0
0,-2.0434943206133864,3.1548090514635256,0.7676298785983874,2.5396987052416584,0.7678594338107121,1.0,0.0,1.0,0.0,0.0,0.0,0.0,0.0,1.0
1,-1.477512113802487,-0.47454519624983954,2.0089333664952354,0.6792945838081278,0.11044794172866994,1.0,0.0,1.0,0.0,0.0,0.0,0.0,0.0,1.0
1,1.512288893676089,-0.47454519624983954,0.7676298785983874,0.059159876663617696,1.0976780669265336,0.0,0.0,1.0,0.0,0.0,1.0,0.0,0.0,0.0
0,1.0694078168465604,0.4327933656785018,4.491540342288931,2.5396987052416584,0.4146557174979072,0.0,0.0,1.0,0.0,0.0,1.0,0.0,0.0,1.0
0,1.6396348902085418,-0.47454519624983954,-0.4736736092984604,-0.5609748304808925,0.34156737843370105,1.0,0.0,1.0,0.0,1.0,0.0,0.0,0.0,0.0
0,-0.13330437262660078,-0.47454519624983954,-0.4736736092984604,-0.5609748304808925,1.1248955097361604,1.0,0.0,1.0,0.0,1.0,0.0,0.0,0.0,1.0
0,2.201372230468359,-0.47454519624983954,-0.4736736092984604,-0.5609748304808925,0.5975333003696796,1.0,0.0,1.0,0.0,1.0,0.0,0.0,0.0,0.0
0,-1.831250993059299,3.1548090514635256,0.7676298785983874,2.5396987052416584,0.457519539438721,1.0,1.0,0.0,0.0,0.0,0.0,0.0,0.0,1.0
1,-2.0434943206133864,0.4327933656785018,0.7676298785983874,0.6792945838081278,-0.48145578049281335,0.0,0.0,1.0,1.0,0.0,0.0,0.0,0.0,1.0
0,-0.6285388035861378,-0.47454519624983954,-0.4736736092984604,-0.5609748304808925,-0.798539974052802,1.0,0.0,1.0,0.0,1.0,0.0,0.0,0.0,1.0
0,1.847633351211547,-0.47454519624983954,-0.4736736092984604,-0.5609748304808925,0.5100012756239033,1.0,0.0,0.0,0.0,1.0,0.0,0.0,0.0,0.0
0,-0.840782131140225,0.4327933656785018,0.7676298785983874,0.6792945838081278,-0.806763380796033,1.0,0.0,1.0,0.0,1.0,0.0,0.0,0.0,1.0
0,-1.8928015580499844,2.2474704895351842,0.7676298785983874,1.9195639980971482,0.32384119624754826,1.0,0.0,1.0,0.0,0.0,0.0,0.0,0.0,1.0
0,1.4231466961033725,-0.47454519624983954,-0.4736736092984604,-0.5609748304808925,0.4432836100273541,0.0,0.0,0.0,1.0,0.0,0.0,0.0,0.0,0.0
0,0.00819117907612406,-0.47454519624983954,-0.4736736092984604,-0.5609748304808925,-0.3336984726090336,1.0,0.0,1.0,0.0,1.0,0.0,0.0,1.0,0.0
0,0.4326778341842986,-0.47454519624983954,-0.4736736092984604,-0.5609748304808925,-3.0585777291682934,1.0,0.0,1.0,0.0,1.0,0.0,0.0,0.0,1.0
0,-1.4718522917343777,6.784163299176891,2.0089333664952354,5.64037224096421,1.3361591794576348,0.0,0.0,1.0,1.0,0.0,0.0,0.0,0.0,1.0
0,-0.48492081860787195,-0.47454519624983954,-0.4736736092984604,-0.5609748304808925,-0.19260305647698941,1.0,0.0,0.0,0.0,1.0,0.0,0.0,1.0,0.0
0,-1.477512113802487,3.1548090514635256,2.0089333664952354,3.1598334123861687,0.5322916934007406,1.0,0.0,1.0,0.0,0.0,0.0,0.0,0.0,1.0
1,-2.0434943206133864,1.340131927606843,0.7676298785983874,1.299429290952638,0.750263780890198,1.0,0.0,1.0,0.0,0.0,0.0,0.0,1.0,0.0
1,-1.831250993059299,-0.47454519624983954,2.0089333664952354,0.6792945838081278,0.1800041951014629,0.0,0.0,1.0,1.0,0.0,0.0,0.0,0.0,1.0
0,0.503425610035661,-0.47454519624983954,-0.4736736092984604,-0.5609748304808925,1.0011105492142125,1.0,0.0,1.0,0.0,1.0,0.0,0.0,0.0,0.0
1,0.15251664181290334,0.4327933656785018,-0.4736736092984604,0.059159876663617696,-0.16405229962564447,0.0,1.0,0.0,0.0,0.0,1.0,0.0,0.0,1.0
1,1.0694078168465604,-0.47454519624983954,-0.4736736092984604,-0.5609748304808925,0.36526093570402607,1.0,0.0,1.0,0.0,1.0,0.0,0.0,0.0,0.0
0,0.7156689375897483,0.4327933656785018,0.7676298785983874,0.6792945838081278,-0.16405229962564447,1.0,1.0,0.0,0.0,1.0,0.0,0.0,0.0,1.0
0,0.4326778341842986,-0.47454519624983954,-0.4736736092984604,-0.5609748304808925,-0.8019236166026618,1.0,0.0,1.0,0.0,1.0,0.0,0.0,0.0,1.0
1,0.14968673077884892,-0.47454519624983954,-0.4736736092984604,-0.5609748304808925,-0.3336984726090336,0.0,0.0,1.0,0.0,0.0,1.0,0.0,1.0,0.0
0,-0.7700343552888627,-0.47454519624983954,-0.4736736092984604,-0.5609748304808925,-0.3336984726090336,1.0,0.0,1.0,0.0,1.0,0.0,0.0,1.0,0.0
1,-0.7700343552888627,0.4327933656785018,-0.4736736092984604,0.059159876663617696,-0.806763380796033,0.0,0.0,1.0,1.0,0.0,0.0,0.0,0.0,1.0
1,-1.9019987689106614,0.4327933656785018,0.7676298785983874,0.6792945838081278,0.3444394801955362,1.0,0.0,1.0,0.0,0.0,0.0,0.0,1.0,0.0
1,0.998660040995198,-0.47454519624983954,-0.4736736092984604,-0.5609748304808925,0.4082334475616762,0.0,0.0,0.0,0.0,0.0,1.0,0.0,0.0,0.0
1,1.989128902914272,-0.47454519624983954,-0.4736736092984604,-0.5609748304808925,2.097794920021772,0.0,0.0,0.0,1.0,0.0,0.0,0.0,0.0,0.0
0,1.5646422478060975,-0.47454519624983954,-0.4736736092984604,-0.5609748304808925,-0.8189865811572414,1.0,1.0,0.0,0.0,1.0,0.0,0.0,0.0,1.0
0,0.8571644892924731,-0.47454519624983954,0.7676298785983874,0.059159876663617696,-0.7445391097425897,1.0,0.0,1.0,0.0,1.0,0.0,0.0,0.0,1.0
1,-0.5224171398090941,-0.47454519624983954,-0.4736736092984604,-0.5609748304808925,-0.8189865811572414,0.0,1.0,0.0,1.0,0.0,0.0,0.0,0.0,1.0
0,-0.41629547603205047,-0.47454519624983954,-0.4736736092984604,-0.5609748304808925,-0.3336984726090336,0.0,0.0,1.0,1.0,0.0,0.0,0.0,1.0,0.0
0,-0.13330437262660078,-0.47454519624983954,-0.4736736092984604,-0.5609748304808925,-0.6307359423566569,1.0,0.0,1.0,0.0,1.0,0.0,0.0,0.0,1.0
0,-0.8174353651092755,6.784163299176891,2.0089333664952354,5.64037224096421,1.3361591794576348,1.0,0.0,1.0,0.0,1.0,0.0,0.0,0.0,1.0
0,0.29118228248157374,-0.47454519624983954,-0.4736736092984604,-0.5609748304808925,-0.9787286015064478,1.0,0.0,1.0,0.0,1.0,0.0,0.0,0.0,1.0
0,1.1047817047722417,-0.47454519624983954,-0.4736736092984604,-0.5609748304808925,-0.8828741679067217,1.0,0.0,0.0,0.0,1.0,0.0,0.0,0.0,1.0
1,-0.840782131140225,-0.47454519624983954,-0.4736736092984604,-0.5609748304808925,-0.7841792430073967,1.0,0.0,1.0,0.0,1.0,0.0,0.0,0.0,1.0
0,-1.9727465447620238,-0.47454519624983954,0.7676298785983874,0.059159876663617696,-0.5401781836878246,0.0,0.0,1.0,1.0,0.0,0.0,0.0,0.0,1.0
0,0.14968673077884892,0.4327933656785018,-0.4736736092984604,0.059159876663617696,-0.1423794216910609,1.0,0.0,1.0,0.0,1.0,0.0,0.0,0.0,1.0
1,-0.27479992432932565,-0.47454519624983954,-0.4736736092984604,-0.5609748304808925,0.023546289947323752,1.0,0.0,0.0,0.0,1.0,0.0,0.0,0.0,1.0
1,-0.9822776828429499,-0.47454519624983954,-0.4736736092984604,-0.5609748304808925,-0.8189865811572414,0.0,1.0,0.0,1.0,0.0,0.0,0.0,0.0,1.0
1,0.7156689375897483,-0.47454519624983954,-0.4736736092984604,-0.5609748304808925,0.5198636196706229,1.0,0.0,0.0,0.0,1.0,0.0,0.0,0.0,0.0
0,-0.41629547603205047,-0.47454519624983954,-0.4736736092984604,-0.5609748304808925,-0.9050797531497122,1.0,0.0,1.0,0.0,1.0,0.0,0.0,0.0,1.0
1,0.3619300583329362,-0.47454519624983954,-0.4736736092984604,-0.5609748304808925,0.1329851701219792,0.0,0.0,1.0,1.0,0.0,0.0,0.0,1.0,0.0
0,-0.5577910277347753,-0.47454519624983954,-0.4736736092984604,-0.5609748304808925,-0.8797405693934278,1.0,0.0,1.0,0.0,1.0,0.0,0.0,0.0,1.0
0,0.00819117907612406,-0.47454519624983954,-0.4736736092984604,-0.5609748304808925,-0.3336984726090336,1.0,0.0,1.0,0.0,1.0,0.0,0.0,1.0,0.0
0,1.267501589230375,0.4327933656785018,-0.4736736092984604,0.059159876663617696,-0.8189865811572414,1.0,1.0,0.0,0.0,1.0,0.0,0.0,0.0,1.0
1,0.07893895492748648,0.4327933656785018,-0.4736736092984604,0.059159876663617696,1.834129231109428,0.0,0.0,0.0,1.0,0.0,0.0,0.0,0.0,0.0
1,-0.2040521484779632,-0.47454519624983954,-0.4736736092984604,-0.5609748304808925,-0.798539974052802,0.0,0.0,1.0,1.0,0.0,0.0,0.0,0.0,1.0
0,0.8571644892924731,0.4327933656785018,-0.4736736092984604,0.059159876663617696,0.3819897971587497,1.0,0.0,1.0,0.0,1.0,0.0,0.0,1.0,0.0
1,0.14968673077884892,-0.47454519624983954,-0.4736736092984604,-0.5609748304808925,1.4303920040723752,0.0,0.0,0.0,1.0,0.0,0.0,0.0,0.0,0.0
0,0.00819117907612406,-0.47454519624983954,-0.4736736092984604,-0.5609748304808925,-0.5368057694182641,1.0,0.0,1.0,0.0,1.0,0.0,0.0,1.0,0.0
1,-0.9822776828429499,-0.47454519624983954,-0.4736736092984604,-0.5609748304808925,-0.7841792430073967,1.0,0.0,1.0,0.0,1.0,0.0,0.0,0.0,1.0
0,-0.2040521484779632,-0.47454519624983954,-0.4736736092984604,-0.5609748304808925,-0.3336984726090336,1.0,0.0,1.0,0.0,1.0,0.0,0.0,1.0,0.0
0,1.493894471954735,-0.47454519624983954,-0.4736736092984604,-0.5609748304808925,-0.7841792430073967,1.0,0.0,1.0,0.0,1.0,0.0,0.0,0.0,1.0
0,-0.20829701502904488,-0.47454519624983954,-0.4736736092984604,-0.5609748304808925,-0.8019236166026618,1.0,0.0,1.0,0.0,1.0,0.0,0.0,0.0,1.0
1,0.5741733858870235,0.4327933656785018,-0.4736736092984604,0.059159876663617696,1.5989745568795648,1.0,0.0,1.0,0.0,1.0,0.0,0.0,0.0,0.0
0,-0.5577910277347753,-0.47454519624983954,-0.4736736092984604,-0.5609748304808925,-0.6455926003653025,1.0,0.0,1.0,0.0,1.0,0.0,0.0,0.0,1.0
1,-0.7700343552888627,-0.47454519624983954,-0.4736736092984604,-0.5609748304808925,-0.5368057694182641,1.0,0.0,1.0,0.0,1.0,0.0,0.0,1.0,0.0
0,-0.663912691511819,-0.47454519624983954,-0.4736736092984604,-0.5609748304808925,-0.8797405693934278,1.0,0.0,1.0,0.0,1.0,0.0,0.0,0.0,1.0
0,-0.840782131140225,-0.47454519624983954,-0.4736736092984604,-0.5609748304808925,-0.3336984726090336,1.0,0.0,1.0,0.0,1.0,0.0,0.0,1.0,0.0
0,-1.66357876429157,2.2474704895351842,0.7676298785983874,1.9195639980971482,0.32384119624754826,0.0,0.0,1.0,1.0,0.0,0.0,0.0,0.0,1.0
1,0.3619300583329362,0.4327933656785018,-0.4736736092984604,0.059159876663617696,1.5221510751129648,0.0,0.0,1.0,0.0,0.0,1.0,0.0,0.0,0.0
0,-0.06255659677523837,-0.47454519624983954,-0.4736736092984604,-0.5609748304808925,-0.8160407306065733,1.0,0.0,1.0,0.0,1.0,0.0,0.0,0.0,1.0
0,2.0598766787656344,-0.47454519624983954,-0.4736736092984604,-0.5609748304808925,-0.29746598596845064,1.0,0.0,1.0,0.0,1.0,0.0,0.0,1.0,0.0
1,-1.7605032172079365,3.1548090514635256,2.0089333664952354,3.1598334123861687,0.5322916934007406,0.0,0.0,1.0,1.0,0.0,0.0,0.0,0.0,1.0
0,-0.41629547603205047,-0.47454519624983954,-0.4736736092984604,-0.5609748304808925,-0.5368057694182641,1.0,0.0,1.0,0.0,1.0,0.0,0.0,1.0,0.0
0,-0.4870432518834129,-0.47454519624983954,-0.4736736092984604,-0.5609748304808925,-0.8428609376877135,0.0,0.0,1.0,1.0,0.0,0.0,0.0,0.0,1.0
0,0.998660040995198,0.4327933656785018,-0.4736736092984604,0.059159876663617696,0.3444394801955362,1.0,0.0,1.0,0.0,1.0,0.0,0.0,1.0,0.0
1,-1.5482598896538493,-0.47454519624983954,2.0089333664952354,0.6792945838081278,0.35395586016517094,0.0,0.0,1.0,1.0,0.0,0.0,0.0,1.0,0.0
0,-0.7700343552888627,-0.47454519624983954,-0.4736736092984604,-0.5609748304808925,-0.5368057694182641,1.0,0.0,1.0,0.0,1.0,0.0,0.0,1.0,0.0
0,0.22043450663021133,-0.47454519624983954,-0.4736736092984604,-0.5609748304808925,-0.3886024739916458,1.0,0.0,1.0,0.0,1.0,0.0,0.0,1.0,0.0
0,-1.0883993466199935,0.4327933656785018,-0.4736736092984604,0.059159876663617696,-0.23166125968823223,0.0,0.0,0.0,1.0,0.0,0.0,0.0,0.0,1.0
1,-0.6794772021991187,0.4327933656785018,-0.4736736092984604,0.059159876663617696,-0.16405229962564447,0.0,1.0,0.0,1.0,0.0,0.0,0.0,0.0,1.0
0,-0.06255659677523837,-0.47454519624983954,-0.4736736092984604,-0.5609748304808925,-0.5368057694182641,1.0,0.0,1.0,0.0,1.0,0.0,0.0,1.0,0.0
0,-0.5577910277347753,-0.47454519624983954,-0.4736736092984604,-0.5609748304808925,-0.8955045384601199,1.0,0.0,1.0,0.0,1.0,0.0,0.0,0.0,1.0
0,0.00819117907612406,-0.47454519624983954,-0.4736736092984604,-0.5609748304808925,-0.8828741679067217,1.0,0.0,0.0,0.0,1.0,0.0,0.0,0.0,1.0
0,0.998660040995198,1.340131927606843,-0.4736736092984604,0.6792945838081278,1.5989745568795648,1.0,1.0,0.0,0.0,0.0,0.0,1.0,0.0,0.0
0,-0.3455477001806881,-0.47454519624983954,-0.4736736092984604,-0.5609748304808925,-0.8160407306065733,0.0,0.0,1.0,1.0,0.0,0.0,0.0,0.0,1.0
1,-0.41629547603205047,-0.47454519624983954,2.0089333664952354,0.6792945838081278,-0.2286058134653583,0.0,0.0,1.0,0.0,0.0,1.0,0.0,1.0,0.0
1,0.503425610035661,0.4327933656785018,0.7676298785983874,0.6792945838081278,1.0515683442816504,1.0,0.0,1.0,0.0,1.0,0.0,0.0,0.0,0.0
0,1.7061377995088223,0.4327933656785018,-0.4736736092984604,0.059159876663617696,0.3444394801955362,1.0,0.0,1.0,0.0,0.0,0.0,1.0,1.0,0.0
0,0.4326778341842986,-0.47454519624983954,-0.4736736092984604,-0.5609748304808925,-0.8797405693934278,1.0,0.0,1.0,0.0,1.0,0.0,0.0,0.0,1.0
0,-0.06255659677523837,0.4327933656785018,0.7676298785983874,0.6792945838081278,-0.5401781836878246,0.0,0.0,1.0,0.0,0.0,1.0,0.0,0.0,1.0
0,2.2721200063197213,-0.47454519624983954,-0.4736736092984604,-0.5609748304808925,0.36526093570402607,1.0,0.0,1.0,0.0,1.0,0.0,0.0,0.0,0.0
0,0.00819117907612406,0.4327933656785018,-0.4736736092984604,0.059159876663617696,-0.12717266791993012,1.0,0.0,1.0,0.0,1.0,0.0,0.0,0.0,1.0
0,0.7864167134411107,-0.47454519624983954,2.0089333664952354,0.6792945838081278,0.09534793704965058,0.0,0.0,1.0,0.0,0.0,1.0,0.0,0.0,1.0
1,-0.06255659677523837,-0.47454519624983954,2.0089333664952354,0.6792945838081278,-0.1800831698720664,0.0,0.0,0.0,0.0,0.0,1.0,0.0,0.0,1.0
1,0.973898319447221,-0.47454519624983954,-0.4736736092984604,-0.5609748304808925,1.4685301291949246,0.0,0.0,0.0,0.0,0.0,1.0,0.0,0.0,0.0
1,0.00819117907612406,-0.47454519624983954,-0.4736736092984604,-0.5609748304808925,1.5584783893656837,0.0,0.0,1.0,1.0,0.0,0.0,0.0,0.0,0.0
1,0.3619300583329362,-0.47454519624983954,-0.4736736092984604,-0.5609748304808925,3.3852937438182273,0.0,0.0,0.0,1.0,0.0,0.0,0.0,0.0,0.0
1,1.4231466961033725,-0.47454519624983954,0.7676298785983874,0.059159876663617696,0.3444394801955362,0.0,0.0,1.0,0.0,0.0,1.0,0.0,1.0,0.0
0,1.5646422478060975,-0.47454519624983954,-0.4736736092984604,-0.5609748304808925,-0.8189865811572414,1.0,1.0,0.0,0.0,1.0,0.0,0.0,0.0,1.0
1,-1.9019987689106614,3.1548090514635256,2.0089333664952354,3.1598334123861687,0.5322916934007406,1.0,0.0,1.0,0.0,0.0,0.0,0.0,0.0,1.0
0,1.5646422478060975,0.4327933656785018,0.7676298785983874,0.6792945838081278,1.4743073772537167,1.0,0.0,1.0,0.0,1.0,0.0,0.0,0.0,0.0
0,0.7156689375897483,-0.47454519624983954,-0.4736736092984604,-0.5609748304808925,-3.0585777291682934,1.0,0.0,1.0,0.0,1.0,0.0,0.0,0.0,0.0
0,-0.5224171398090941,-0.47454519624983954,-0.4736736092984604,-0.5609748304808925,-0.8189865811572414,0.0,1.0,0.0,1.0,0.0,0.0,0.0,0.0,1.0
0,0.4326778341842986,-0.47454519624983954,-0.4736736092984604,-0.5609748304808925,-0.5368057694182641,1.0,0.0,1.0,0.0,1.0,0.0,0.0,1.0,0.0
0,-0.9822776828429499,3.1548090514635256,0.7676298785983874,2.5396987052416584,0.7678594338107121,1.0,0.0,1.0,0.0,1.0,0.0,0.0,0.0,1.0
1,-0.3455477001806881,0.4327933656785018,-0.4736736092984604,0.059159876663617696,-0.8160407306065733,1.0,0.0,1.0,0.0,1.0,0.0,0.0,0.0,1.0
1,1.989128902914272,-0.47454519624983954,0.7676298785983874,0.059159876663617696,2.14527242190355,0.0,0.0,1.0,0.0,0.0,1.0,0.0,0.0,0.0
1,0.3619300583329362,-0.47454519624983954,-0.4736736092984604,-0.5609748304808925,2.0186331792044068,0.0,0.0,1.0,1.0,0.0,0.0,0.0,0.0,0.0
0,1.2292977902706395,-0.47454519624983954,-0.4736736092984604,-0.5609748304808925,0.5198636196706229,1.0,0.0,1.0,0.0,1.0,0.0,0.0,0.0,0.0
1,-0.3455477001806881,-0.47454519624983954,-0.4736736092984604,-0.5609748304808925,-3.0585777291682934,1.0,0.0,1.0,0.0,1.0,0.0,0.0,0.0,1.0
1,0.7864167134411107,-0.47454519624983954,0.7676298785983874,0.059159876663617696,0.06007112543995847,0.0,0.0,1.0,0.0,0.0,1.0,0.0,1.0,0.0
0,0.503425610035661,-0.47454519624983954,0.7676298785983874,0.059159876663617696,0.4770416648490861,1.0,0.0,0.0,0.0,1.0,0.0,0.0,0.0,0.0
1,-0.5224171398090941,-0.47454519624983954,-0.4736736092984604,-0.5609748304808925,-0.8189865811572414,0.0,1.0,0.0,1.0,0.0,0.0,0.0,0.0,1.0
1,2.342867782171084,0.4327933656785018,-0.4736736092984604,0.059159876663617696,1.452419049919151,0.0,0.0,1.0,1.0,0.0,0.0,0.0,0.0,0.0
0,1.0694078168465604,-0.47454519624983954,-0.4736736092984604,-0.5609748304808925,-0.8189865811572414,0.0,0.0,1.0,1.0,0.0,0.0,0.0,0.0,1.0
0,0.24873361697075622,-0.47454519624983954,-0.4736736092984604,-0.5609748304808925,-3.0585777291682934,1.0,0.0,1.0,0.0,1.0,0.0,0.0,1.0,0.0
0,-1.6190076655052117,3.1548090514635256,0.7676298785983874,2.5396987052416584,0.457519539438721,1.0,1.0,0.0,0.0,0.0,0.0,0.0,0.0,1.0
1,0.3619300583329362,0.4327933656785018,0.7676298785983874,0.6792945838081278,0.0971716406458445,0.0,0.0,1.0,0.0,0.0,1.0,0.0,0.0,1.0
0,2.4843633338738087,-0.47454519624983954,-0.4736736092984604,-0.5609748304808925,-0.8189865811572414,1.0,1.0,0.0,0.0,1.0,0.0,0.0,0.0,1.0
0,-0.13330437262660078,-0.47454519624983954,-0.4736736092984604,-0.5609748304808925,-0.806763380796033,1.0,0.0,1.0,0.0,1.0,0.0,0.0,0.0,1.0
0,-0.9822776828429499,-0.47454519624983954,-0.4736736092984604,-0.5609748304808925,-0.6307359423566569,1.0,0.0,1.0,0.0,1.0,0.0,0.0,0.0,1.0
1,-0.7700343552888627,-0.47454519624983954,-0.4736736092984604,-0.5609748304808925,-0.7841792430073967,1.0,0.0,1.0,0.0,1.0,0.0,0.0,0.0,1.0
0,2.413615558022446,-0.47454519624983954,-0.4736736092984604,-0.5609748304808925,0.3444394801955362,1.0,0.0,1.0,0.0,1.0,0.0,0.0,0.0,0.0
0,0.22043450663021133,-0.47454519624983954,-0.4736736092984604,-0.5609748304808925,-0.7165619336211217,1.0,0.0,0.0,0.0,1.0,0.0,0.0,0.0,1.0
1,0.00819117907612406,-0.47454519624983954,-0.4736736092984604,-0.5609748304808925,-0.6307359423566569,1.0,0.0,1.0,0.0,1.0,0.0,0.0,0.0,1.0
0,-0.5577910277347753,-0.47454519624983954,-0.4736736092984604,-0.5609748304808925,-0.8019236166026618,1.0,0.0,1.0,0.0,1.0,0.0,0.0,0.0,1.0
1,0.8571644892924731,-0.47454519624983954,-0.4736736092984604,-0.5609748304808925,-0.3336984726090336,1.0,0.0,1.0,0.0,1.0,0.0,0.0,1.0,0.0
1,-0.5577910277347753,-0.47454519624983954,-0.4736736092984604,-0.5609748304808925,-0.8189865811572414,0.0,1.0,0.0,1.0,0.0,0.0,0.0,0.0,1.0
1,-0.27479992432932565,-0.47454519624983954,-0.4736736092984604,-0.5609748304808925,1.464014258564117,0.0,0.0,1.0,1.0,0.0,0.0,0.0,0.0,0.0
1,-0.7700343552888627,0.4327933656785018,-0.4736736092984604,0.059159876663617696,1.6111475224786775,0.0,0.0,0.0,0.0,0.0,1.0,0.0,0.0,0.0
0,0.4326778341842986,-0.47454519624983954,-0.4736736092984604,-0.5609748304808925,-0.3429588030007618,1.0,0.0,0.0,0.0,1.0,0.0,0.0,1.0,0.0
0,-0.41629547603205047,-0.47454519624983954,-0.4736736092984604,-0.5609748304808925,-0.6967178907118832,0.0,0.0,1.0,1.0,0.0,0.0,0.0,0.0,1.0
0,-0.41629547603205047,-0.47454519624983954,-0.4736736092984604,-0.5609748304808925,-0.8019236166026618,1.0,0.0,1.0,0.0,1.0,0.0,0.0,0.0,1.0
0,0.05912957768910492,-0.47454519624983954,-0.4736736092984604,-0.5609748304808925,0.4082334475616762,1.0,0.0,0.0,0.0,1.0,0.0,0.0,0.0,0.0
0,-0.4516693639577317,-0.47454519624983954,-0.4736736092984604,-0.5609748304808925,-0.8823470582632056,1.0,0.0,0.0,0.0,1.0,0.0,0.0,0.0,1.0
0,-1.9727465447620238,0.4327933656785018,2.0089333664952354,1.299429290952638,2.132408321022389,0.0,0.0,1.0,1.0,0.0,0.0,0.0,0.0,0.0
1,1.7768855753601847,-0.47454519624983954,-0.4736736092984604,-0.5609748304808925,0.5036031274312862,1.0,0.0,1.0,0.0,1.0,0.0,0.0,0.0,0.0
1,1.4231466961033725,-0.47454519624983954,0.7676298785983874,0.059159876663617696,2.6363132839087284,0.0,0.0,0.0,0.0,0.0,1.0,0.0,0.0,0.0
1,-0.5224171398090941,-0.47454519624983954,-0.4736736092984604,-0.5609748304808925,-0.8189865811572414,0.0,1.0,0.0,1.0,0.0,0.0,0.0,0.0,1.0
1,1.3163175545678154,1.340131927606843,-0.4736736092984604,0.6792945838081278,0.23352593393921808,1.0,1.0,0.0,0.0,1.0,0.0,0.0,0.0,1.0
0,-0.7700343552888627,-0.47454519624983954,-0.4736736092984604,-0.5609748304808925,-3.0585777291682934,1.0,0.0,1.0,0.0,1.0,0.0,0.0,0.0,1.0
1,0.00819117907612406,-0.47454519624983954,-0.4736736092984604,-0.5609748304808925,-0.38278544498532663,0.0,1.0,0.0,1.0,0.0,0.0,0.0,1.0,0.0
0,-0.47289369671314047,-0.47454519624983954,-0.4736736092984604,-0.5609748304808925,-0.7841792430073967,1.0,0.0,1.0,0.0,1.0,0.0,0.0,0.0,1.0
1,-2.049154142681495,0.4327933656785018,2.0089333664952354,1.299429290952638,2.132408321022389,1.0,0.0,1.0,0.0,0.0,0.0,0.0,0.0,0.0
1,0.29118228248157374,-0.47454519624983954,-0.4736736092984604,-0.5609748304808925,1.812289926928167,0.0,0.0,0.0,1.0,0.0,0.0,0.0,0.0,0.0
1,-0.9115299069915874,0.4327933656785018,-0.4736736092984604,0.059159876663617696,1.7938227894866787,0.0,0.0,0.0,0.0,0.0,1.0,0.0,0.0,0.0
0,0.00819117907612406,0.4327933656785018,-0.4736736092984604,0.059159876663617696,0.26497567234198965,1.0,0.0,0.0,0.0,1.0,0.0,0.0,1.0,0.0
1,0.00819117907612406,-0.47454519624983954,-0.4736736092984604,-0.5609748304808925,1.1326493972880125,0.0,0.0,0.0,1.0,0.0,0.0,0.0,0.0,0.0
1,-0.41629547603205047,-0.47454519624983954,-0.4736736092984604,-0.5609748304808925,1.5182728441543658,0.0,0.0,0.0,1.0,0.0,0.0,0.0,0.0,0.0
1,-0.840782131140225,1.340131927606843,2.0089333664952354,1.9195639980971482,2.6962534687059603,0.0,0.0,0.0,1.0,0.0,0.0,0.0,0.0,0.0
0,-0.27479992432932565,0.4327933656785018,0.7676298785983874,0.6792945838081278,0.3444394801955362,0.0,0.0,1.0,0.0,0.0,1.0,0.0,1.0,0.0
0,-0.13330437262660078,-0.47454519624983954,-0.4736736092984604,-0.5609748304808925,-0.8019236166026618,1.0,0.0,1.0,0.0,1.0,0.0,0.0,0.0,1.0
0,0.9279122651438356,0.4327933656785018,0.7676298785983874,0.6792945838081278,0.35395586016517094,1.0,0.0,1.0,0.0,1.0,0.0,0.0,1.0,0.0
1,-0.27479992432932565,-0.47454519624983954,-0.4736736092984604,-0.5609748304808925,-0.806763380796033,0.0,0.0,1.0,1.0,0.0,0.0,0.0,0.0,1.0
1,-0.41629547603205047,0.4327933656785018,-0.4736736092984604,0.059159876663617696,0.3444394801955362,0.0,0.0,1.0,0.0,0.0,1.0,0.0,1.0,0.0
0,1.7061377995088223,-0.47454519624983954,-0.4736736092984604,-0.5609748304808925,-0.2624619586252086,1.0,0.0,1.0,0.0,0.0,0.0,1.0,1.0,0.0
1,0.07893895492748648,-0.47454519624983954,2.0089333664952354,0.6792945838081278,2.218822021910339,0.0,0.0,1.0,1.0,0.0,0.0,0.0,0.0,0.0
1,0.7156689375897483,0.4327933656785018,0.7676298785983874,0.6792945838081278,2.010033264475824,0.0,0.0,0.0,0.0,0.0,1.0,0.0,0.0,0.0
0,-0.5577910277347753,-0.47454519624983954,-0.4736736092984604,-0.5609748304808925,-0.8797405693934278,1.0,0.0,1.0,0.0,1.0,0.0,0.0,0.0,1.0
0,-0.2040521484779632,-0.47454519624983954,-0.4736736092984604,-0.5609748304808925,-0.8019236166026618,1.0,0.0,1.0,0.0,1.0,0.0,0.0,0.0,1.0
1,0.00819117907612406,-0.47454519624983954,-0.4736736092984604,-0.5609748304808925,-0.38278544498532663,0.0,1.0,0.0,1.0,0.0,0.0,0.0,1.0,0.0
1,-0.5577910277347753,0.4327933656785018,0.7676298785983874,0.6792945838081278,0.4532263111425748,0.0,0.0,1.0,0.0,0.0,1.0,0.0,1.0,0.0
0,-0.8174353651092755,6.784163299176891,2.0089333664952354,5.64037224096421,1.3361591794576348,1.0,0.0,1.0,0.0,1.0,0.0,0.0,0.0,1.0
1,0.4326778341842986,-0.47454519624983954,-0.4736736092984604,-0.5609748304808925,2.0186331792044068,0.0,0.0,0.0,1.0,0.0,0.0,0.0,0.0,0.0
0,2.201372230468359,-0.47454519624983954,-0.4736736092984604,-0.5609748304808925,-1.0149359989180027,1.0,0.0,1.0,0.0,1.0,0.0,0.0,0.0,1.0
1,0.4326778341842986,-0.47454519624983954,-0.4736736092984604,-0.5609748304808925,-0.3336984726090336,0.0,0.0,1.0,0.0,0.0,1.0,0.0,1.0,0.0
1,0.07893895492748648,0.4327933656785018,0.7676298785983874,0.6792945838081278,0.11044794172866994,0.0,0.0,1.0,0.0,0.0,1.0,0.0,0.0,1.0
1,-0.9822776828429499,-0.47454519624983954,0.7676298785983874,0.059159876663617696,1.1511968252901217,0.0,0.0,0.0,1.0,0.0,0.0,0.0,0.0,0.0
1,-0.6787697244406051,1.340131927606843,-0.4736736092984604,0.6792945838081278,0.23352593393921808,0.0,1.0,0.0,1.0,0.0,0.0,0.0,0.0,1.0
0,1.1047817047722417,-0.47454519624983954,-0.4736736092984604,-0.5609748304808925,0.4358726267231761,1.0,0.0,1.0,0.0,1.0,0.0,0.0,0.0,0.0
0,0.5741733858870235,-0.47454519624983954,0.7676298785983874,0.059159876663617696,2.14527242190355,1.0,0.0,1.0,0.0,1.0,0.0,0.0,0.0,0.0
0,-0.9822776828429499,1.340131927606843,-0.4736736092984604,0.6792945838081278,-0.01838583697289204,1.0,0.0,1.0,0.0,1.0,0.0,0.0,0.0,1.0
1,0.28340002713792395,0.4327933656785018,-0.4736736092984604,0.059159876663617696,2.003535801391161,0.0,0.0,1.0,0.0,0.0,1.0,0.0,0.0,0.0
0,-0.20829701502904488,-0.47454519624983954,-0.4736736092984604,-0.5609748304808925,-0.8019236166026618,1.0,0.0,1.0,0.0,1.0,0.0,0.0,0.0,1.0
0,-0.06255659677523837,0.4327933656785018,-0.4736736092984604,0.059159876663617696,1.2920564383571118,1.0,0.0,1.0,0.0,1.0,0.0,0.0,0.0,0.0
1,0.7864167134411107,-0.47454519624983954,-0.4736736092984604,-0.5609748304808925,2.010033264475824,0.0,0.0,0.0,1.0,0.0,0.0,0.0,0.0,0.0
1,1.0694078168465604,-0.47454519624983954,-0.4736736092984604,-0.5609748304808925,-0.7841792430073967,1.0,0.0,1.0,0.0,1.0,0.0,0.0,0.0,1.0
0,1.0694078168465604,-0.47454519624983954,-0.4736736092984604,-0.5609748304808925,0.6557188297748954,1.0,0.0,1.0,0.0,1.0,0.0,0.0,0.0,0.0
1,-1.9727465447620238,0.4327933656785018,0.7676298785983874,0.6792945838081278,0.3444394801955362,1.0,0.0,1.0,0.0,0.0,0.0,0.0,1.0,0.0
1,-0.41629547603205047,2.2474704895351842,2.0089333664952354,2.5396987052416584,2.6987007794454887,0.0,0.0,1.0,1.0,0.0,0.0,0.0,0.0,0.0
0,-0.13330437262660078,-0.47454519624983954,-0.4736736092984604,-0.5609748304808925,-0.3336984726090336,1.0,0.0,1.0,0.0,1.0,0.0,0.0,1.0,0.0
0,-0.3455477001806881,-0.47454519624983954,-0.4736736092984604,-0.5609748304808925,-0.3336984726090336,1.0,0.0,1.0,0.0,1.0,0.0,0.0,1.0,0.0
0,0.4326778341842986,-0.47454519624983954,-0.4736736092984604,-0.5609748304808925,-0.3336984726090336,1.0,0.0,1.0,0.0,1.0,0.0,0.0,1.0,0.0
1,-0.41629547603205047,-0.47454519624983954,-0.4736736092984604,-0.5609748304808925,-0.3336984726090336,0.0,0.0,1.0,1.0,0.0,0.0,0.0,1.0,0.0
1,0.7156689375897483,-0.47454519624983954,-0.4736736092984604,-0.5609748304808925,-0.3336984726090336,0.0,0.0,1.0,1.0,0.0,0.0,0.0,1.0,0.0
1,-0.27479992432932565,0.4327933656785018,-0.4736736092984604,0.059159876663617696,-0.12717266791993012,0.0,0.0,1.0,0.0,0.0,1.0,0.0,0.0,1.0
1,-1.9019987689106614,0.4327933656785018,0.7676298785983874,0.6792945838081278,-0.13932010117845442,1.0,0.0,1.0,0.0,0.0,0.0,0.0,0.0,1.0
0,0.8571644892924731,-0.47454519624983954,-0.4736736092984604,-0.5609748304808925,-0.7165619336211217,1.0,0.0,1.0,0.0,1.0,0.0,0.0,0.0,1.0
0,-0.4870432518834129,-0.47454519624983954,-0.4736736092984604,-0.5609748304808925,-0.658138561741074,1.0,0.0,1.0,0.0,1.0,0.0,0.0,0.0,1.0
0,0.8819262108404501,-0.47454519624983954,-0.4736736092984604,-0.5609748304808925,0.6414769499431594,1.0,0.0,1.0,0.0,1.0,0.0,0.0,0.0,0.0
0,-1.0530254586943124,0.4327933656785018,0.7676298785983874,0.6792945838081278,-0.8823470582632056,1.0,0.0,0.0,0.0,1.0,0.0,0.0,0.0,1.0
0,-0.3455477001806881,0.4327933656785018,-0.4736736092984604,0.059159876663617696,-0.029312075627065143,1.0,0.0,1.0,0.0,1.0,0.0,0.0,0.0,1.0
0,0.4913984881409293,-0.47454519624983954,-0.4736736092984604,-0.5609748304808925,-0.8828741679067217,1.0,0.0,0.0,0.0,1.0,0.0,0.0,0.0,1.0
0,-0.13330437262660078,-0.47454519624983954,-0.4736736092984604,-0.5609748304808925,-0.6307359423566569,1.0,0.0,1.0,0.0,1.0,0.0,0.0,0.0,1.0
1,-0.5577910277347753,-0.47454519624983954,0.7676298785983874,0.059159876663617696,1.0976780669265336,0.0,0.0,1.0,1.0,0.0,0.0,0.0,0.0,0.0
0,0.5741733858870235,-0.47454519624983954,-0.4736736092984604,-0.5609748304808925,-0.3336984726090336,0.0,0.0,1.0,1.0,0.0,0.0,0.0,1.0,0.0
1,-0.7700343552888627,-0.47454519624983954,-0.4736736092984604,-0.5609748304808925,-0.8038521494426432,0.0,1.0,0.0,1.0,0.0,0.0,0.0,0.0,1.0
1,-0.7700343552888627,-0.47454519624983954,-0.4736736092984604,-0.5609748304808925,-0.8038521494426432,0.0,1.0,0.0,1.0,0.0,0.0,0.0,0.0,1.0
0,0.7156689375897483,0.4327933656785018,4.491540342288931,2.5396987052416584,0.4146557174979072,1.0,0.0,1.0,0.0,1.0,0.0,0.0,0.0,1.0
0,-0.06255659677523837,0.4327933656785018,-0.4736736092984604,0.059159876663617696,0.4082334475616762,1.0,0.0,0.0,0.0,1.0,0.0,0.0,1.0,0.0
0,1.0694078168465604,-0.47454519624983954,0.7676298785983874,0.059159876663617696,-0.23166125968823223,0.0,0.0,0.0,0.0,0.0,1.0,0.0,0.0,1.0
0,0.3619300583329362,-0.47454519624983954,-0.4736736092984604,-0.5609748304808925,-0.9050797531497122,1.0,0.0,1.0,0.0,1.0,0.0,0.0,0.0,1.0
0,1.267501589230375,0.4327933656785018,-0.4736736092984604,0.059159876663617696,-0.16405229962564447,1.0,1.0,0.0,0.0,1.0,0.0,0.0,0.0,1.0
0,0.00819117907612406,-0.47454519624983954,-0.4736736092984604,-0.5609748304808925,-0.8797405693934278,1.0,0.0,1.0,0.0,1.0,0.0,0.0,0.0,1.0
1,2.130624454616997,0.4327933656785018,-0.4736736092984604,0.059159876663617696,1.4163815756188534,0.0,0.0,0.0,0.0,0.0,1.0,0.0,0.0,0.0
1,-0.09651552918389236,-0.47454519624983954,-0.4736736092984604,-0.5609748304808925,-0.8823470582632056,0.0,0.0,0.0,0.0,0.0,1.0,0.0,0.0,1.0
1,-0.5224171398090941,-0.47454519624983954,-0.4736736092984604,-0.5609748304808925,-0.8189865811572414,0.0,1.0,0.0,1.0,0.0,0.0,0.0,0.0,1.0
1,-0.41629547603205047,-0.47454519624983954,-0.4736736092984604,-0.5609748304808925,1.3324938581871215,0.0,0.0,0.0,0.0,0.0,0.0,1.0,0.0,0.0
1,-0.3455477001806881,0.4327933656785018,-0.4736736092984604,0.059159876663617696,1.1057901177672143,1.0,0.0,0.0,0.0,1.0,0.0,0.0,0.0,0.0
0,-0.840782131140225,0.4327933656785018,-0.4736736092984604,0.059159876663617696,-0.9787286015064478,1.0,0.0,1.0,0.0,1.0,0.0,0.0,0.0,1.0
0,-0.7700343552888627,-0.47454519624983954,-0.4736736092984604,-0.5609748304808925,-0.7841792430073967,1.0,0.0,1.0,0.0,1.0,0.0,0.0,0.0,1.0
0,-0.5577910277347753,-0.47454519624983954,-0.4736736092984604,-0.5609748304808925,2.0186331792044068,1.0,0.0,0.0,0.0,1.0,0.0,0.0,0.0,0.0
0,-1.9019987689106614,2.2474704895351842,0.7676298785983874,1.9195639980971482,0.1364991380659541,0.0,0.0,1.0,1.0,0.0,0.0,0.0,0.0,1.0
1,1.1486453258000862,0.4327933656785018,-0.4736736092984604,0.059159876663617696,1.5060857797883969,0.0,0.0,0.0,0.0,0.0,1.0,0.0,0.0,0.0
1,-0.5577910277347753,-0.47454519624983954,-0.4736736092984604,-0.5609748304808925,-0.8797405693934278,0.0,0.0,1.0,1.0,0.0,0.0,0.0,0.0,1.0
0,-0.2040521484779632,-0.47454519624983954,2.0089333664952354,0.6792945838081278,2.4746366111687697,1.0,0.0,0.0,0.0,1.0,0.0,0.0,0.0,0.0
0,-0.6992865794375002,-0.47454519624983954,-0.4736736092984604,-0.5609748304808925,-1.3942229498762084,1.0,0.0,0.0,0.0,1.0,0.0,0.0,0.0,1.0
0,-0.7700343552888627,-0.47454519624983954,-0.4736736092984604,-0.5609748304808925,-0.8160407306065733,1.0,0.0,1.0,0.0,1.0,0.0,0.0,0.0,1.0
1,0.8571644892924731,-0.47454519624983954,-0.4736736092984604,-0.5609748304808925,2.5497045522452972,0.0,0.0,0.0,1.0,0.0,0.0,0.0,0.0,0.0
1,-2.0434943206133864,-0.47454519624983954,2.0089333664952354,0.6792945838081278,-0.14903715526900022,0.0,0.0,0.0,1.0,0.0,0.0,0.0,0.0,1.0
0,0.14968673077884892,-0.47454519624983954,-0.4736736092984604,-0.5609748304808925,-0.798539974052802,1.0,0.0,1.0,0.0,1.0,0.0,0.0,0.0,1.0
1,0.3619300583329362,0.4327933656785018,-0.4736736092984604,0.059159876663617696,1.0408277503255374,0.0,0.0,1.0,0.0,0.0,1.0,0.0,0.0,0.0
0,-0.20829701502904488,-0.47454519624983954,-0.4736736092984604,-0.5609748304808925,-0.8019236166026618,1.0,0.0,1.0,0.0,1.0,0.0,0.0,0.0,1.0
0,-0.840782131140225,-0.47454519624983954,-0.4736736092984604,-0.5609748304808925,1.3924082286355355,1.0,0.0,1.0,0.0,1.0,0.0,0.0,1.0,0.0
0,-2.0434943206133864,4.0621476133918675,2.0089333664952354,3.779968119530679,0.936361092700485,1.0,0.0,1.0,0.0,0.0,0.0,0.0,0.0,1.0
1,0.4326778341842986,-0.47454519624983954,-0.4736736092984604,-0.5609748304808925,-0.3336984726090336,0.0,0.0,1.0,1.0,0.0,0.0,0.0,1.0,0.0
0,0.17940079663642125,-0.47454519624983954,-0.4736736092984604,-0.5609748304808925,-0.8214439504217126,1.0,1.0,0.0,0.0,1.0,0.0,0.0,0.0,1.0
1,-0.9115299069915874,-0.47454519624983954,-0.4736736092984604,-0.5609748304808925,-0.4102164299119116,0.0,0.0,0.0,1.0,0.0,0.0,0.0,1.0,0.0
1,0.4326778341842986,0.4327933656785018,2.0089333664952354,1.299429290952638,1.8931715298766851,1.0,0.0,1.0,0.0,1.0,0.0,0.0,0.0,0.0
1,-0.6285388035861378,-0.47454519624983954,-0.4736736092984604,-0.5609748304808925,-0.8135961720983267,1.0,0.0,1.0,0.0,1.0,0.0,0.0,0.0,1.0
0,-0.13330437262660078,1.340131927606843,-0.4736736092984604,0.6792945838081278,-0.798539974052802,1.0,0.0,1.0,0.0,1.0,0.0,0.0,0.0,1.0
1,-0.4870432518834129,0.4327933656785018,-0.4736736092984604,0.059159876663617696,1.834129231109428,0.0,0.0,0.0,1.0,0.0,0.0,0.0,0.0,0.0
1,-0.41629547603205047,-0.47454519624983954,2.0089333664952354,0.6792945838081278,-0.09156500424402261,0.0,0.0,1.0,0.0,0.0,1.0,0.0,0.0,1.0
0,-0.5577910277347753,-0.47454519624983954,-0.4736736092984604,-0.5609748304808925,-0.8135961720983267,1.0,0.0,1.0,0.0,1.0,0.0,0.0,0.0,1.0
0,0.07893895492748648,-0.47454519624983954,-0.4736736092984604,-0.5609748304808925,-0.806763380796033,0.0,0.0,1.0,1.0,0.0,0.0,0.0,0.0,1.0
0,1.1401555926979228,-0.47454519624983954,-0.4736736092984604,-0.5609748304808925,0.3444394801955362,1.0,0.0,1.0,0.0,1.0,0.0,0.0,1.0,0.0
0,-0.4870432518834129,-0.47454519624983954,-0.4736736092984604,-0.5609748304808925,-0.5368057694182641,1.0,0.0,1.0,0.0,0.0,0.0,1.0,1.0,0.0
1,-0.13330437262660078,-0.47454519624983954,-0.4736736092984604,-0.5609748304808925,-0.35983961362319966,0.0,0.0,1.0,0.0,0.0,1.0,0.0,1.0,0.0
1,0.6449211617383859,-0.47454519624983954,-0.4736736092984604,-0.5609748304808925,-0.798539974052802,1.0,0.0,1.0,0.0,1.0,0.0,0.0,0.0,1.0
0,-0.27479992432932565,-0.47454519624983954,-0.4736736092984604,-0.5609748304808925,-0.7841792430073967,1.0,0.0,1.0,0.0,1.0,0.0,0.0,0.0,1.0
0,-0.6285388035861378,0.4327933656785018,-0.4736736092984604,0.059159876663617696,-0.5992616204389827,0.0,0.0,1.0,1.0,0.0,0.0,0.0,0.0,1.0
0,-0.13330437262660078,0.4327933656785018,-0.4736736092984604,0.059159876663617696,-0.1423794216910609,1.0,0.0,1.0,0.0,1.0,0.0,0.0,0.0,1.0
0,-0.6992865794375002,-0.47454519624983954,-0.4736736092984604,-0.5609748304808925,-0.7165619336211217,0.0,0.0,1.0,1.0,0.0,0.0,0.0,0.0,1.0
0,0.29118228248157374,0.4327933656785018,-0.4736736092984604,0.059159876663617696,0.1329851701219792,1.0,0.0,1.0,0.0,1.0,0.0,0.0,1.0,0.0
0,1.493894471954735,-0.47454519624983954,-0.4736736092984604,-0.5609748304808925,-0.8189865811572414,1.0,0.0,1.0,0.0,1.0,0.0,0.0,0.0,1.0
1,-1.9019987689106614,0.4327933656785018,0.7676298785983874,0.6792945838081278,0.021587667954472933,1.0,0.0,1.0,0.0,0.0,0.0,0.0,1.0,0.0
0,-0.6285388035861378,-0.47454519624983954,-0.4736736092984604,-0.5609748304808925,-0.8160407306065733,1.0,0.0,1.0,0.0,1.0,0.0,0.0,0.0,1.0
0,-1.66357876429157,2.2474704895351842,0.7676298785983874,1.9195639980971482,0.32384119624754826,0.0,0.0,1.0,1.0,0.0,0.0,0.0,0.0,1.0
0,-0.20829701502904488,-0.47454519624983954,-0.4736736092984604,-0.5609748304808925,-0.8019236166026618,1.0,0.0,1.0,0.0,1.0,0.0,0.0,0.0,1.0
0,-0.13542680590214173,-0.47454519624983954,-0.4736736092984604,-0.5609748304808925,-0.9299653348541039,1.0,1.0,0.0,0.0,1.0,0.0,0.0,0.0,1.0
1,0.22043450663021133,0.4327933656785018,-0.4736736092984604,0.059159876663617696,1.5989745568795648,0.0,1.0,0.0,1.0,0.0,0.0,0.0,0.0,0.0
0,0.24873361697075622,-0.47454519624983954,-0.4736736092984604,-0.5609748304808925,-3.0585777291682934,1.0,0.0,1.0,0.0,1.0,0.0,0.0,1.0,0.0
1,0.998660040995198,-0.47454519624983954,-0.4736736092984604,-0.5609748304808925,-0.798539974052802,1.0,0.0,1.0,0.0,1.0,0.0,0.0,0.0,1.0
0,0.7340633593111024,-0.47454519624983954,-0.4736736092984604,-0.5609748304808925,-0.7841792430073967,0.0,0.0,1.0,0.0,0.0,1.0,0.0,0.0,1.0
1,0.29118228248157374,0.4327933656785018,0.7676298785983874,0.6792945838081278,0.5671628780396996,0.0,0.0,1.0,0.0,0.0,1.0,0.0,1.0,0.0
1,-0.840782131140225,-0.47454519624983954,2.0089333664952354,0.6792945838081278,-0.3336984726090336,0.0,0.0,1.0,1.0,0.0,0.0,0.0,1.0,0.0
0,0.00819117907612406,-0.47454519624983954,-0.4736736092984604,-0.5609748304808925,-0.3336984726090336,1.0,0.0,1.0,0.0,1.0,0.0,0.0,1.0,0.0
0,-1.4067643379511243,-0.47454519624983954,2.0089333664952354,0.6792945838081278,0.2711522804976662,0.0,0.0,1.0,1.0,0.0,0.0,0.0,0.0,1.0
0,0.17303349680979838,-0.47454519624983954,-0.4736736092984604,-0.5609748304808925,-0.8019236166026618,1.0,0.0,0.0,0.0,1.0,0.0,0.0,0.0,1.0
0,-0.6285388035861378,-0.47454519624983954,-0.4736736092984604,-0.5609748304808925,-0.8209591021193487,1.0,1.0,0.0,0.0,1.0,0.0,0.0,0.0,1.0
0,-0.06255659677523837,-0.47454519624983954,-0.4736736092984604,-0.5609748304808925,-0.804340663003928,1.0,0.0,1.0,0.0,1.0,0.0,0.0,0.0,1.0
0,-0.13330437262660078,0.4327933656785018,0.7676298785983874,0.6792945838081278,-0.23528881360946907,0.0,0.0,1.0,0.0,0.0,1.0,0.0,0.0,1.0
0,-0.840782131140225,0.4327933656785018,0.7676298785983874,0.6792945838081278,0.09534793704965058,1.0,0.0,1.0,0.0,1.0,0.0,0.0,0.0,1.0
0,0.4326778341842986,-0.47454519624983954,-0.4736736092984604,-0.5609748304808925,-0.8797405693934278,1.0,0.0,1.0,0.0,1.0,0.0,0.0,0.0,1.0
1,-0.13330437262660078,0.4327933656785018,-0.4736736092984604,0.059159876663617696,0.3444394801955362,0.0,0.0,1.0,0.0,0.0,1.0,0.0,1.0,0.0
1,-0.7700343552888627,-0.47454519624983954,-0.4736736092984604,-0.5609748304808925,0.3444394801955362,0.0,0.0,1.0,1.0,0.0,0.0,0.0,1.0,0.0
0,1.5646422478060975,-0.47454519624983954,-0.4736736092984604,-0.5609748304808925,-0.8189865811572414,1.0,1.0,0.0,0.0,1.0,0.0,0.0,0.0,1.0
1,0.14968673077884892,-0.47454519624983954,-0.4736736092984604,-0.5609748304808925,-0.7841792430073967,1.0,0.0,1.0,0.0,1.0,0.0,0.0,0.0,1.0
1,-0.13330437262660078,-0.47454519624983954,-0.4736736092984604,-0.5609748304808925,0.36526093570402607,1.0,0.0,1.0,0.0,1.0,0.0,0.0,0.0,0.0
1,-0.27479992432932565,0.4327933656785018,-0.4736736092984604,0.059159876663617696,-0.12717266791993012,0.0,0.0,1.0,0.0,0.0,1.0,0.0,0.0,1.0
1,0.8571644892924731,0.4327933656785018,-0.4736736092984604,0.059159876663617696,0.3444394801955362,0.0,0.0,1.0,0.0,0.0,1.0,0.0,1.0,0.0
0,-0.9115299069915874,-0.47454519624983954,-0.4736736092984604,-0.5609748304808925,-0.8955045384601199,1.0,0.0,1.0,0.0,1.0,0.0,0.0,0.0,1.0
0,1.4231466961033725,0.4327933656785018,-0.4736736092984604,0.059159876663617696,1.1141402035210881,1.0,0.0,1.0,0.0,1.0,0.0,0.0,0.0,0.0
1,-1.1237732345456748,0.4327933656785018,2.0089333664952354,1.299429290952638,1.8931715298766851,0.0,0.0,1.0,1.0,0.0,0.0,0.0,0.0,0.0
0,-0.6285388035861378,1.340131927606843,2.0089333664952354,1.9195639980971482,0.6233938271906204,0.0,0.0,1.0,1.0,0.0,0.0,0.0,0.0,1.0
1,-0.41629547603205047,1.340131927606843,3.250236854392083,2.5396987052416584,0.021587667954472933,0.0,0.0,1.0,0.0,0.0,1.0,0.0,1.0,0.0
0,2.413615558022446,0.4327933656785018,4.491540342288931,2.5396987052416584,2.6987007794454887,1.0,0.0,1.0,0.0,1.0,0.0,0.0,0.0,0.0
0,0.07893895492748648,-0.47454519624983954,-0.4736736092984604,-0.5609748304808925,-0.5368057694182641,1.0,0.0,1.0,0.0,1.0,0.0,0.0,1.0,0.0
1,1.0694078168465604,0.4327933656785018,0.7676298785983874,0.6792945838081278,0.35395586016517094,0.0,0.0,1.0,0.0,0.0,1.0,0.0,1.0,0.0
0,-0.6992865794375002,-0.47454519624983954,-0.4736736092984604,-0.5609748304808925,-0.6307359423566569,1.0,0.0,1.0,0.0,1.0,0.0,0.0,0.0,1.0
0,-0.3455477001806881,0.4327933656785018,-0.4736736092984604,0.059159876663617696,-0.8160407306065733,1.0,0.0,1.0,0.0,1.0,0.0,0.0,0.0,1.0
1,-0.13330437262660078,-0.47454519624983954,-0.4736736092984604,-0.5609748304808925,-0.3336984726090336,0.0,0.0,1.0,0.0,0.0,0.0,1.0,1.0,0.0
1,0.10582310975100413,-0.47454519624983954,-0.4736736092984604,-0.5609748304808925,-0.7770730902669089,1.0,0.0,1.0,0.0,1.0,0.0,0.0,0.0,1.0
1,-1.831250993059299,-0.47454519624983954,2.0089333664952354,0.6792945838081278,1.5021989568725875,1.0,0.0,1.0,0.0,0.0,0.0,0.0,0.0,0.0
1,-1.1945210103970372,-0.47454519624983954,0.7676298785983874,0.059159876663617696,0.06007112543995847,0.0,0.0,1.0,1.0,0.0,0.0,0.0,1.0,0.0
1,0.29118228248157374,-0.47454519624983954,-0.4736736092984604,-0.5609748304808925,0.36526093570402607,1.0,0.0,1.0,0.0,1.0,0.0,0.0,0.0,0.0
1,-1.7605032172079365,1.340131927606843,0.7676298785983874,1.299429290952638,0.047825129435189045,0.0,0.0,0.0,1.0,0.0,0.0,0.0,0.0,1.0
1,1.5646422478060975,-0.47454519624983954,-0.4736736092984604,-0.5609748304808925,0.5036031274312862,1.0,0.0,1.0,0.0,0.0,0.0,1.0,0.0,0.0
0,0.4326778341842986,0.4327933656785018,2.0089333664952354,1.299429290952638,0.40928266156909443,1.0,0.0,1.0,0.0,1.0,0.0,0.0,1.0,0.0
0,-0.18141286020552722,0.4327933656785018,-0.4736736092984604,0.059159876663617696,0.0833137463231359,1.0,0.0,1.0,0.0,1.0,0.0,0.0,0.0,1.0
0,0.00819117907612406,-0.47454519624983954,-0.4736736092984604,-0.5609748304808925,0.40928266156909443,1.0,0.0,0.0,0.0,1.0,0.0,0.0,0.0,0.0
1,1.3523989202520101,0.4327933656785018,-0.4736736092984604,0.059159876663617696,1.588760118059578,1.0,0.0,0.0,0.0,1.0,0.0,0.0,0.0,0.0
0,-0.47289369671314047,-0.47454519624983954,-0.4736736092984604,-0.5609748304808925,-0.7841792430073967,1.0,0.0,1.0,0.0,1.0,0.0,0.0,0.0,1.0
1,-0.06255659677523837,-0.47454519624983954,-0.4736736092984604,-0.5609748304808925,-0.8019236166026618,1.0,0.0,0.0,0.0,1.0,0.0,0.0,0.0,1.0
0,2.4843633338738087,-0.47454519624983954,-0.4736736092984604,-0.5609748304808925,0.36526093570402607,1.0,0.0,1.0,0.0,1.0,0.0,0.0,0.0,0.0
1,0.32938608144130943,0.4327933656785018,-0.4736736092984604,0.059159876663617696,1.038145562232327,0.0,0.0,1.0,0.0,0.0,1.0,0.0,0.0,0.0
1,1.4231466961033725,-0.47454519624983954,-0.4736736092984604,-0.5609748304808925,-0.5368057694182641,0.0,0.0,1.0,1.0,0.0,0.0,0.0,1.0,0.0
0,1.5646422478060975,-0.47454519624983954,-0.4736736092984604,-0.5609748304808925,-0.8189865811572414,1.0,1.0,0.0,0.0,1.0,0.0,0.0,0.0,1.0
1,1.2816511444006478,-0.47454519624983954,-0.4736736092984604,-0.5609748304808925,0.36526093570402607,1.0,0.0,1.0,0.0,1.0,0.0,0.0,0.0,0.0
0,0.29118228248157374,-0.47454519624983954,-0.4736736092984604,-0.5609748304808925,-0.7841792430073967,1.0,0.0,1.0,0.0,1.0,0.0,0.0,0.0,1.0
0,1.2109033685492854,-0.47454519624983954,-0.4736736092984604,-0.5609748304808925,0.7372759377222563,1.0,0.0,1.0,0.0,1.0,0.0,0.0,0.0,0.0
0,1.2816511444006478,-0.47454519624983954,-0.4736736092984604,-0.5609748304808925,-0.3336984726090336,1.0,0.0,1.0,0.0,1.0,0.0,0.0,1.0,0.0
0,-0.47289369671314047,-0.47454519624983954,-0.4736736092984604,-0.5609748304808925,-0.7841792430073967,1.0,0.0,1.0,0.0,1.0,0.0,0.0,0.0,1.0
0,0.5741733858870235,-0.47454519624983954,-0.4736736092984604,-0.5609748304808925,-0.9050797531497122,1.0,0.0,1.0,0.0,1.0,0.0,0.0,0.0,1.0
0,0.24873361697075622,-0.47454519624983954,-0.4736736092984604,-0.5609748304808925,-3.0585777291682934,1.0,0.0,1.0,0.0,1.0,0.0,0.0,1.0,0.0
0,1.847633351211547,-0.47454519624983954,-0.4736736092984604,-0.5609748304808925,0.36526093570402607,1.0,0.0,1.0,0.0,1.0,0.0,0.0,0.0,0.0
0,0.41286845694591706,-0.47454519624983954,-0.4736736092984604,-0.5609748304808925,-0.8219408604763344,1.0,1.0,0.0,0.0,1.0,0.0,0.0,0.0,1.0
1,-2.061181264576227,1.340131927606843,0.7676298785983874,1.299429290952638,0.047825129435189045,0.0,0.0,0.0,1.0,0.0,0.0,0.0,0.0,1.0
0,0.4326778341842986,-0.47454519624983954,-0.4736736092984604,-0.5609748304808925,-0.8797405693934278,1.0,0.0,1.0,0.0,1.0,0.0,0.0,0.0,1.0
0,0.5741733858870235,-0.47454519624983954,-0.4736736092984604,-0.5609748304808925,-0.7165619336211217,1.0,0.0,1.0,0.0,1.0,0.0,0.0,0.0,1.0
1,0.22043450663021133,0.4327933656785018,2.0089333664952354,1.299429290952638,0.40928266156909443,0.0,0.0,1.0,0.0,0.0,1.0,0.0,1.0,0.0
1,-0.4870432518834129,-0.47454519624983954,-0.4736736092984604,-0.5609748304808925,-0.2769007052339032,0.0,0.0,0.0,0.0,0.0,1.0,0.0,1.0,0.0
0,-0.5577910277347753,-0.47454519624983954,-0.4736736092984604,-0.5609748304808925,-0.5980700220174994,0.0,0.0,1.0,1.0,0.0,0.0,0.0,0.0,1.0
0,1.2109033685492854,-0.47454519624983954,-0.4736736092984604,-0.5609748304808925,1.0408277503255374,1.0,0.0,1.0,0.0,1.0,0.0,0.0,0.0,0.0
0,0.29118228248157374,0.4327933656785018,-0.4736736092984604,0.059159876663617696,0.1329851701219792,1.0,0.0,1.0,0.0,1.0,0.0,0.0,1.0,0.0
0,-0.06255659677523837,0.4327933656785018,-0.4736736092984604,0.059159876663617696,-0.9056185997745971,1.0,0.0,1.0,0.0,1.0,0.0,0.0,0.0,1.0
0,-0.5577910277347753,-0.47454519624983954,-0.4736736092984604,-0.5609748304808925,-0.8463932397472813,1.0,0.0,1.0,0.0,1.0,0.0,0.0,0.0,1.0
1,-1.9727465447620238,-0.47454519624983954,0.7676298785983874,0.059159876663617696,-0.38763069046803694,0.0,0.0,1.0,1.0,0.0,0.0,0.0,0.0,1.0
0,-1.477512113802487,4.0621476133918675,2.0089333664952354,3.779968119530679,0.936361092700485,1.0,0.0,1.0,0.0,0.0,0.0,0.0,0.0,1.0
0,0.24873361697075622,-0.47454519624983954,-0.4736736092984604,-0.5609748304808925,-3.0585777291682934,1.0,0.0,1.0,0.0,1.0,0.0,0.0,1.0,0.0
0,1.4231466961033725,-0.47454519624983954,-0.4736736092984604,-0.5609748304808925,-0.7841792430073967,1.0,0.0,1.0,0.0,1.0,0.0,0.0,0.0,1.0
1,2.342867782171084,-0.47454519624983954,-0.4736736092984604,-0.5609748304808925,-0.6221672631581132,0.0,0.0,1.0,0.0,0.0,1.0,0.0,0.0,1.0
1,-0.3455477001806881,0.4327933656785018,-0.4736736092984604,0.059159876663617696,1.6111475224786775,1.0,0.0,0.0,0.0,1.0,0.0,0.0,0.0,0.0
0,-1.66357876429157,2.2474704895351842,0.7676298785983874,1.9195639980971482,0.32384119624754826,0.0,0.0,1.0,1.0,0.0,0.0,0.0,0.0,1.0
1,0.3619300583329362,0.4327933656785018,-0.4736736092984604,0.059159876663617696,1.5989745568795648,0.0,0.0,1.0,0.0,0.0,1.0,0.0,0.0,0.0
0,1.989128902914272,-0.47454519624983954,-0.4736736092984604,-0.5609748304808925,0.4770416648490861,1.0,0.0,0.0,0.0,1.0,0.0,0.0,0.0,0.0
0,0.00819117907612406,-0.47454519624983954,-0.4736736092984604,-0.5609748304808925,-0.7841792430073967,1.0,0.0,1.0,0.0,1.0,0.0,0.0,0.0,1.0
1,-1.477512113802487,0.4327933656785018,0.7676298785983874,0.6792945838081278,-0.13932010117845442,1.0,0.0,1.0,0.0,0.0,0.0,0.0,0.0,1.0
0,-0.18141286020552722,0.4327933656785018,-0.4736736092984604,0.059159876663617696,0.0833137463231359,1.0,0.0,1.0,0.0,1.0,0.0,0.0,0.0,1.0
0,-0.6285388035861378,-0.47454519624983954,-0.4736736092984604,-0.5609748304808925,-0.8797405693934278,1.0,0.0,1.0,0.0,1.0,0.0,0.0,0.0,1.0
0,1.7768855753601847,-0.47454519624983954,-0.4736736092984604,-0.5609748304808925,0.5036031274312862,1.0,0.0,1.0,0.0,1.0,0.0,0.0,0.0,0.0
0,2.908849988981983,-0.47454519624983954,-0.4736736092984604,-0.5609748304808925,0.9910237262754293,1.0,0.0,0.0,0.0,1.0,0.0,0.0,0.0,0.0
0,-0.6285388035861378,-0.47454519624983954,-0.4736736092984604,-0.5609748304808925,-0.7841792430073967,1.0,0.0,1.0,0.0,1.0,0.0,0.0,0.0,1.0
0,-0.41629547603205047,-0.47454519624983954,-0.4736736092984604,-0.5609748304808925,-0.23138736843472296,1.0,0.0,0.0,0.0,1.0,0.0,0.0,0.0,1.0
1,1.7061377995088223,0.4327933656785018,-0.4736736092984604,0.059159876663617696,1.4564440718289613,0.0,0.0,0.0,1.0,0.0,0.0,0.0,0.0,0.0
0,-0.5358592172208531,-0.47454519624983954,-0.4736736092984604,-0.5609748304808925,-0.1893914833819289,1.0,0.0,1.0,0.0,1.0,0.0,0.0,0.0,1.0
0,-0.3455477001806881,0.4327933656785018,2.0089333664952354,1.299429290952638,2.132408321022389,0.0,0.0,1.0,0.0,0.0,1.0,0.0,0.0,0.0
0,-0.41629547603205047,-0.47454519624983954,-0.4736736092984604,-0.5609748304808925,-0.8135961720983267,1.0,0.0,1.0,0.0,1.0,0.0,0.0,0.0,1.0
0,-0.9115299069915874,-0.47454519624983954,-0.4736736092984604,-0.5609748304808925,-0.7165619336211217,1.0,0.0,1.0,0.0,1.0,0.0,0.0,0.0,1.0
0,-0.6285388035861378,-0.47454519624983954,-0.4736736092984604,-0.5609748304808925,-0.8189865811572414,0.0,1.0,0.0,1.0,0.0,0.0,0.0,0.0,1.0
0,-0.6327836701372194,-0.47454519624983954,-0.4736736092984604,-0.5609748304808925,-0.8333405692374476,0.0,1.0,0.0,1.0,0.0,0.0,0.0,0.0,1.0
0,0.503425610035661,-0.47454519624983954,-0.4736736092984604,-0.5609748304808925,-0.6221672631581132,0.0,0.0,1.0,1.0,0.0,0.0,0.0,0.0,1.0
1,-0.9822776828429499,-0.47454519624983954,-0.4736736092984604,-0.5609748304808925,1.5584783893656837,0.0,0.0,1.0,1.0,0.0,0.0,0.0,0.0,0.0
0,-0.840782131140225,0.4327933656785018,-0.4736736092984604,0.059159876663617696,1.7938227894866787,1.0,0.0,0.0,0.0,1.0,0.0,0.0,0.0,0.0
1,0.22043450663021133,-0.47454519624983954,2.0089333664952354,0.6792945838081278,0.3444394801955362,0.0,0.0,1.0,0.0,0.0,1.0,0.0,1.0,0.0
1,1.9714419589514314,-0.47454519624983954,-0.4736736092984604,-0.5609748304808925,0.36526093570402607,1.0,0.0,1.0,0.0,1.0,0.0,0.0,0.0,0.0
0,-0.13330437262660078,-0.47454519624983954,-0.4736736092984604,-0.5609748304808925,0.20218592718197398,1.0,0.0,1.0,0.0,1.0,0.0,0.0,0.0,1.0
1,-0.27479992432932565,-0.47454519624983954,-0.4736736092984604,-0.5609748304808925,1.1248955097361604,1.0,0.0,1.0,0.0,1.0,0.0,0.0,0.0,1.0
1,-0.06255659677523837,-0.47454519624983954,-0.4736736092984604,-0.5609748304808925,-0.8189865811572414,1.0,1.0,0.0,0.0,1.0,0.0,0.0,0.0,1.0
0,-0.47289369671314047,-0.47454519624983954,-0.4736736092984604,-0.5609748304808925,-0.7841792430073967,1.0,0.0,1.0,0.0,1.0,0.0,0.0,0.0,1.0
1,0.4326778341842986,-0.47454519624983954,-0.4736736092984604,-0.5609748304808925,0.3553757823476229,1.0,0.0,1.0,0.0,1.0,0.0,0.0,0.0,0.0
1,1.7061377995088223,0.4327933656785018,-0.4736736092984604,0.059159876663617696,1.1757752036108362,0.0,0.0,0.0,0.0,0.0,1.0,0.0,0.0,0.0
0,-0.41629547603205047,-0.47454519624983954,-0.4736736092984604,-0.5609748304808925,-0.8494271027413144,1.0,0.0,1.0,0.0,1.0,0.0,0.0,0.0,1.0
0,1.2109033685492854,-0.47454519624983954,-0.4736736092984604,-0.5609748304808925,0.6130033879569109,1.0,0.0,1.0,0.0,1.0,0.0,0.0,0.0,0.0
1,0.29118228248157374,-0.47454519624983954,-0.4736736092984604,-0.5609748304808925,-0.5368057694182641,0.0,0.0,1.0,0.0,0.0,1.0,0.0,1.0,0.0
0,1.267501589230375,-0.47454519624983954,-0.4736736092984604,-0.5609748304808925,0.2711522804976662,1.0,1.0,0.0,0.0,1.0,0.0,0.0,0.0,1.0
1,0.4326778341842986,0.4327933656785018,-0.4736736092984604,0.059159876663617696,0.3444394801955362,0.0,0.0,1.0,0.0,0.0,1.0,0.0,1.0,0.0
0,0.14968673077884892,-0.47454519624983954,-0.4736736092984604,-0.5609748304808925,-0.8019236166026618,1.0,0.0,1.0,0.0,1.0,0.0,0.0,0.0,1.0
1,0.00819117907612406,-0.47454519624983954,-0.4736736092984604,-0.5609748304808925,1.6379421972192298,0.0,0.0,1.0,1.0,0.0,0.0,0.0,0.0,0.0
0,-0.5577910277347753,-0.47454519624983954,-0.4736736092984604,-0.5609748304808925,-0.8019236166026618,1.0,0.0,1.0,0.0,1.0,0.0,0.0,0.0,1.0
0,0.4913984881409293,-0.47454519624983954,-0.4736736092984604,-0.5609748304808925,-0.8828741679067217,1.0,0.0,0.0,0.0,1.0,0.0,0.0,0.0,1.0
1,0.998660040995198,-0.47454519624983954,0.7676298785983874,0.059159876663617696,1.1511968252901217,0.0,0.0,0.0,0.0,0.0,1.0,0.0,0.0,0.0
0,-0.3596972553509605,-0.47454519624983954,-0.4736736092984604,-0.5609748304808925,-0.8823470582632056,1.0,0.0,0.0,0.0,1.0,0.0,0.0,0.0,1.0
0,0.7510428255154296,-0.47454519624983954,-0.4736736092984604,-0.5609748304808925,-0.8189865811572414,1.0,1.0,0.0,0.0,1.0,0.0,0.0,0.0,1.0
1,1.4231466961033725,-0.47454519624983954,-0.4736736092984604,-0.5609748304808925,-0.5368057694182641,0.0,0.0,1.0,1.0,0.0,0.0,0.0,1.0,0.0
0,0.7658998584442157,-0.47454519624983954,-0.4736736092984604,-0.5609748304808925,2.523411982756633,1.0,0.0,1.0,0.0,1.0,0.0,0.0,0.0,0.0
0,0.6449211617383859,-0.47454519624983954,-0.4736736092984604,-0.5609748304808925,-0.798539974052802,1.0,0.0,1.0,0.0,1.0,0.0,0.0,0.0,1.0
0,-0.4870432518834129,1.340131927606843,0.7676298785983874,1.299429290952638,-0.4507125974257932,1.0,0.0,1.0,0.0,1.0,0.0,0.0,1.0,0.0
1,-1.9727465447620238,0.4327933656785018,0.7676298785983874,0.6792945838081278,0.3444394801955362,0.0,0.0,1.0,1.0,0.0,0.0,0.0,1.0,0.0
0,-0.3596972553509605,-0.47454519624983954,-0.4736736092984604,-0.5609748304808925,-0.8823470582632056,1.0,0.0,0.0,0.0,1.0,0.0,0.0,0.0,1.0
0,-0.9115299069915874,0.4327933656785018,0.7676298785983874,0.6792945838081278,-0.8823470582632056,1.0,0.0,0.0,0.0,1.0,0.0,0.0,0.0,1.0
1,-0.00029855402603950164,-0.47454519624983954,2.0089333664952354,0.6792945838081278,0.19484336402527688,0.0,0.0,0.0,0.0,0.0,1.0,0.0,0.0,1.0
0,0.00819117907612406,-0.47454519624983954,-0.4736736092984604,-0.5609748304808925,-0.7165619336211217,0.0,0.0,1.0,1.0,0.0,0.0,0.0,0.0,1.0
1,-1.6190076655052117,-0.47454519624983954,2.0089333664952354,0.6792945838081278,0.35395586016517094,0.0,0.0,1.0,1.0,0.0,0.0,0.0,1.0,0.0
0,1.0694078168465604,-0.47454519624983954,-0.4736736092984604,-0.5609748304808925,0.36526093570402607,1.0,0.0,1.0,0.0,0.0,0.0,1.0,0.0,0.0
1,0.00819117907612406,-0.47454519624983954,-0.4736736092984604,-0.5609748304808925,1.7703041212742283,0.0,0.0,0.0,1.0,0.0,0.0,0.0,0.0,0.0
0,-0.7700343552888627,-0.47454519624983954,-0.4736736092984604,-0.5609748304808925,-0.2286058134653583,1.0,0.0,1.0,0.0,1.0,0.0,0.0,0.0,1.0
1,-0.5577910277347753,-0.47454519624983954,2.0089333664952354,0.6792945838081278,0.9909378569025421,0.0,0.0,0.0,1.0,0.0,0.0,0.0,0.0,0.0
1,0.4326778341842986,-0.47454519624983954,2.0089333664952354,0.6792945838081278,1.3571652197109427,0.0,0.0,1.0,1.0,0.0,0.0,0.0,0.0,0.0
0,-1.477512113802487,3.1548090514635256,2.0089333664952354,3.1598334123861687,0.5286989276421437,0.0,0.0,1.0,1.0,0.0,0.0,0.0,0.0,1.0
0,-1.336016562099762,3.1548090514635256,2.0089333664952354,3.1598334123861687,0.5286989276421437,0.0,0.0,1.0,1.0,0.0,0.0,0.0,0.0,1.0
1,0.14968673077884892,0.4327933656785018,-0.4736736092984604,0.059159876663617696,0.3444394801955362,1.0,0.0,1.0,0.0,1.0,0.0,0.0,1.0,0.0
0,1.4231466961033725,0.4327933656785018,-0.4736736092984604,0.059159876663617696,1.7703041212742283,1.0,0.0,0.0,0.0,1.0,0.0,0.0,0.0,0.0
0,2.413615558022446,-0.47454519624983954,-0.4736736092984604,-0.5609748304808925,0.3444394801955362,1.0,0.0,1.0,0.0,1.0,0.0,0.0,0.0,0.0
1,-0.7700343552888627,0.4327933656785018,-0.4736736092984604,0.059159876663617696,0.3444394801955362,0.0,0.0,1.0,0.0,0.0,1.0,0.0,1.0,0.0
1,0.0011164014909877168,-0.47454519624983954,-0.4736736092984604,-0.5609748304808925,-0.27197037165090676,1.0,0.0,0.0,0.0,1.0,0.0,0.0,1.0,0.0
0,0.22043450663021133,0.4327933656785018,0.7676298785983874,0.6792945838081278,0.11044794172866994,1.0,0.0,1.0,0.0,1.0,0.0,0.0,0.0,1.0
1,-1.5482598896538493,0.4327933656785018,0.7676298785983874,0.6792945838081278,0.6904870950626278,1.0,0.0,1.0,0.0,0.0,0.0,0.0,1.0,0.0
1,-0.9115299069915874,-0.47454519624983954,2.0089333664952354,0.6792945838081278,1.812289926928167,1.0,0.0,0.0,0.0,1.0,0.0,0.0,0.0,0.0
0,-0.2040521484779632,-0.47454519624983954,-0.4736736092984604,-0.5609748304808925,0.3444394801955362,1.0,0.0,1.0,0.0,1.0,0.0,0.0,1.0,0.0
0,1.267501589230375,-0.47454519624983954,-0.4736736092984604,-0.5609748304808925,-0.809682843697731,1.0,1.0,0.0,0.0,1.0,0.0,0.0,0.0,1.0
1,-0.5577910277347753,-0.47454519624983954,-0.4736736092984604,-0.5609748304808925,-0.8828741679067217,1.0,0.0,0.0,0.0,1.0,0.0,0.0,0.0,1.0
1,-0.5577910277347753,-0.47454519624983954,-0.4736736092984604,-0.5609748304808925,-0.8160407306065733,0.0,0.0,1.0,1.0,0.0,0.0,0.0,0.0,1.0
0,2.2721200063197213,-0.47454519624983954,-0.4736736092984604,-0.5609748304808925,0.36526093570402607,1.0,0.0,1.0,0.0,1.0,0.0,0.0,0.0,0.0
1,1.2816511444006478,0.4327933656785018,-0.4736736092984604,0.059159876663617696,0.7656365698356679,0.0,0.0,0.0,0.0,0.0,0.0,1.0,0.0,0.0
0,-0.022230364539961762,-0.47454519624983954,-0.4736736092984604,-0.5609748304808925,2.5497045522452972,1.0,0.0,0.0,0.0,1.0,0.0,0.0,0.0,0.0
1,0.6449211617383859,0.4327933656785018,0.7676298785983874,0.6792945838081278,1.4743073772537167,0.0,0.0,1.0,0.0,0.0,1.0,0.0,0.0,0.0
1,0.4326778341842986,0.4327933656785018,-0.4736736092984604,0.059159876663617696,-0.05151766087005573,0.0,0.0,1.0,0.0,0.0,1.0,0.0,0.0,1.0
0,1.5646422478060975,-0.47454519624983954,-0.4736736092984604,-0.5609748304808925,-0.8189865811572414,1.0,1.0,0.0,0.0,1.0,0.0,0.0,0.0,1.0
0,0.7156689375897483,-0.47454519624983954,-0.4736736092984604,-0.5609748304808925,-0.8019236166026618,1.0,0.0,1.0,0.0,1.0,0.0,0.0,0.0,1.0
0,-0.13330437262660078,-0.47454519624983954,-0.4736736092984604,-0.5609748304808925,-0.29746598596845064,1.0,0.0,1.0,0.0,1.0,0.0,0.0,1.0,0.0
0,-0.47289369671314047,-0.47454519624983954,-0.4736736092984604,-0.5609748304808925,-0.7841792430073967,1.0,0.0,1.0,0.0,1.0,0.0,0.0,0.0,1.0
0,-0.40214592086177803,-0.47454519624983954,-0.4736736092984604,-0.5609748304808925,-0.7841792430073967,0.0,0.0,1.0,1.0,0.0,0.0,0.0,0.0,1.0
0,-0.41629547603205047,1.340131927606843,-0.4736736092984604,0.6792945838081278,0.2711522804976662,1.0,0.0,1.0,0.0,1.0,0.0,0.0,0.0,1.0
0,-0.7700343552888627,-0.47454519624983954,-0.4736736092984604,-0.5609748304808925,-0.8019236166026618,1.0,0.0,1.0,0.0,1.0,0.0,0.0,0.0,1.0
0,-0.06255659677523837,-0.47454519624983954,4.491540342288931,1.9195639980971482,0.1364991380659541,0.0,0.0,1.0,0.0,0.0,1.0,0.0,0.0,1.0
0,-0.3596972553509605,-0.47454519624983954,-0.4736736092984604,-0.5609748304808925,-0.8823470582632056,1.0,0.0,0.0,0.0,1.0,0.0,0.0,0.0,1.0
1,0.14968673077884892,-0.47454519624983954,-0.4736736092984604,-0.5609748304808925,-0.806763380796033,1.0,0.0,1.0,0.0,1.0,0.0,0.0,0.0,1.0
1,2.2721200063197213,-0.47454519624983954,-0.4736736092984604,-0.5609748304808925,-0.5368057694182641,1.0,0.0,1.0,0.0,1.0,0.0,0.0,1.0,0.0
1,1.63539002365746,1.340131927606843,-0.4736736092984604,0.6792945838081278,1.0306316027835163,0.0,0.0,1.0,0.0,0.0,1.0,0.0,0.0,0.0
1,0.4326778341842986,-0.47454519624983954,-0.4736736092984604,-0.5609748304808925,0.35915272270042775,1.0,0.0,1.0,0.0,1.0,0.0,0.0,0.0,0.0
1,-0.5224171398090941,-0.47454519624983954,-0.4736736092984604,-0.5609748304808925,-0.8189865811572414,0.0,1.0,0.0,1.0,0.0,0.0,0.0,0.0,1.0
0,-0.9822776828429499,-0.47454519624983954,-0.4736736092984604,-0.5609748304808925,-0.7841792430073967,1.0,0.0,1.0,0.0,1.0,0.0,0.0,0.0,1.0
0,-0.7700343552888627,-0.47454519624983954,-0.4736736092984604,-0.5609748304808925,-0.2286058134653583,1.0,0.0,1.0,0.0,1.0,0.0,0.0,0.0,1.0
1,0.29118228248157374,-0.47454519624983954,-0.4736736092984604,-0.5609748304808925,-0.3336984726090336,0.0,0.0,1.0,1.0,0.0,0.0,0.0,1.0,0.0
1,0.6449211617383859,0.4327933656785018,-0.4736736092984604,0.059159876663617696,1.1141402035210881,0.0,0.0,1.0,0.0,0.0,1.0,0.0,0.0,0.0
0,-1.0523179809357988,0.4327933656785018,-0.4736736092984604,0.059159876663617696,-0.23138736843472296,0.0,0.0,0.0,0.0,0.0,1.0,0.0,0.0,1.0
1,0.14968673077884892,-0.47454519624983954,-0.4736736092984604,-0.5609748304808925,-0.798539974052802,1.0,0.0,1.0,0.0,1.0,0.0,0.0,0.0,1.0
1,-0.3455477001806881,0.4327933656785018,0.7676298785983874,0.6792945838081278,0.4870824563024251,0.0,0.0,1.0,1.0,0.0,0.0,0.0,1.0,0.0
1,0.6449211617383859,0.4327933656785018,0.7676298785983874,0.6792945838081278,1.812289926928167,0.0,0.0,0.0,0.0,0.0,1.0,0.0,0.0,0.0
0,1.7061377995088223,-0.47454519624983954,-0.4736736092984604,-0.5609748304808925,0.3444394801955362,1.0,0.0,1.0,0.0,1.0,0.0,0.0,1.0,0.0
0,0.4326778341842986,-0.47454519624983954,-0.4736736092984604,-0.5609748304808925,0.7789025328484201,1.0,0.0,0.0,0.0,1.0,0.0,0.0,0.0,0.0
0,0.1900129630141255,-0.47454519624983954,-0.4736736092984604,-0.5609748304808925,-0.71123278673221,1.0,0.0,0.0,0.0,1.0,0.0,0.0,0.0,1.0
1,-0.840782131140225,-0.47454519624983954,2.0089333664952354,0.6792945838081278,1.4743073772537167,0.0,0.0,1.0,1.0,0.0,0.0,0.0,0.0,0.0
0,1.2109033685492854,-0.47454519624983954,-0.4736736092984604,-0.5609748304808925,-0.19582465009716046,1.0,0.0,1.0,0.0,1.0,0.0,0.0,1.0,0.0
1,2.130624454616997,0.4327933656785018,0.7676298785983874,0.6792945838081278,1.4685301291949246,1.0,0.0,0.0,0.0,1.0,0.0,0.0,0.0,0.0
0,-0.5577910277347753,-0.47454519624983954,-0.4736736092984604,-0.5609748304808925,-0.7841792430073967,1.0,0.0,1.0,0.0,1.0,0.0,0.0,0.0,1.0
0,-0.47289369671314047,-0.47454519624983954,-0.4736736092984604,-0.5609748304808925,-0.7841792430073967,1.0,0.0,1.0,0.0,1.0,0.0,0.0,0.0,1.0
0,0.3619300583329362,-0.47454519624983954,-0.4736736092984604,-0.5609748304808925,-0.8955045384601199,1.0,0.0,1.0,0.0,1.0,0.0,0.0,0.0,1.0
1,1.5646422478060975,0.4327933656785018,-0.4736736092984604,0.059159876663617696,1.4564440718289613,0.0,0.0,0.0,0.0,0.0,1.0,0.0,0.0,0.0
0,1.2109033685492854,-0.47454519624983954,-0.4736736092984604,-0.5609748304808925,-0.8797405693934278,1.0,0.0,1.0,0.0,1.0,0.0,0.0,0.0,1.0
0,-0.6214640260010014,-0.47454519624983954,2.0089333664952354,0.6792945838081278,-0.8189865811572414,0.0,1.0,0.0,1.0,0.0,0.0,0.0,0.0,1.0
0,0.503425610035661,0.4327933656785018,-0.4736736092984604,0.059159876663617696,0.3444394801955362,1.0,0.0,1.0,0.0,1.0,0.0,0.0,1.0,0.0
0,0.4326778341842986,0.4327933656785018,0.7676298785983874,0.6792945838081278,0.2711522804976662,1.0,0.0,1.0,0.0,1.0,0.0,0.0,0.0,1.0
1,-0.08448840728916063,-0.47454519624983954,-0.4736736092984604,-0.5609748304808925,0.5824597491940529,0.0,0.0,1.0,1.0,0.0,0.0,0.0,1.0,0.0
0,1.3523989202520101,-0.47454519624983954,-0.4736736092984604,-0.5609748304808925,-3.0585777291682934,1.0,0.0,1.0,0.0,1.0,0.0,0.0,0.0,1.0
0,0.4913984881409293,-0.47454519624983954,-0.4736736092984604,-0.5609748304808925,-0.8828741679067217,1.0,0.0,0.0,0.0,1.0,0.0,0.0,0.0,1.0
1,1.3523989202520101,0.4327933656785018,-0.4736736092984604,0.059159876663617696,1.1326493972880125,1.0,0.0,0.0,0.0,0.0,0.0,1.0,0.0,0.0
1,-0.41629547603205047,1.340131927606843,0.7676298785983874,1.299429290952638,0.3819897971587497,0.0,0.0,1.0,0.0,0.0,1.0,0.0,1.0,0.0
0,-0.20829701502904488,-0.47454519624983954,-0.4736736092984604,-0.5609748304808925,-0.8019236166026618,1.0,0.0,1.0,0.0,1.0,0.0,0.0,0.0,1.0
0,0.46168442228335693,-0.47454519624983954,-0.4736736092984604,-0.5609748304808925,0.8344967423387601,1.0,0.0,1.0,0.0,1.0,0.0,0.0,0.0,0.0
0,0.998660040995198,-0.47454519624983954,-0.4736736092984604,-0.5609748304808925,-0.7841792430073967,1.0,0.0,1.0,0.0,1.0,0.0,0.0,0.0,1.0
1,0.3619300583329362,-0.47454519624983954,-0.4736736092984604,-0.5609748304808925,0.36526093570402607,1.0,0.0,0.0,0.0,1.0,0.0,0.0,0.0,0.0
0,0.4326778341842986,0.4327933656785018,-0.4736736092984604,0.059159876663617696,-0.16092818251417132,1.0,0.0,1.0,0.0,1.0,0.0,0.0,0.0,1.0
0,0.00819117907612406,-0.47454519624983954,-0.4736736092984604,-0.5609748304808925,-0.8019236166026618,1.0,0.0,1.0,0.0,1.0,0.0,0.0,0.0,1.0
1,-0.2040521484779632,-0.47454519624983954,-0.4736736092984604,-0.5609748304808925,0.5036031274312862,1.0,0.0,1.0,0.0,1.0,0.0,0.0,0.0,0.0
1,-0.5577910277347753,0.4327933656785018,2.0089333664952354,1.299429290952638,0.8147822510349934,0.0,0.0,0.0,0.0,0.0,1.0,0.0,1.0,0.0
1,0.7156689375897483,-0.47454519624983954,-0.4736736092984604,-0.5609748304808925,2.14527242190355,0.0,0.0,1.0,1.0,0.0,0.0,0.0,0.0,0.0
0,0.6449211617383859,0.4327933656785018,5.73284383018578,3.1598334123861687,0.5286989276421437,0.0,0.0,1.0,0.0,0.0,1.0,0.0,0.0,1.0
0,-0.13330437262660078,-0.47454519624983954,-0.4736736092984604,-0.5609748304808925,-0.9050797531497122,1.0,0.0,1.0,0.0,1.0,0.0,0.0,0.0,1.0
1,-0.6794772021991187,0.4327933656785018,-0.4736736092984604,0.059159876663617696,-0.16405229962564447,0.0,1.0,0.0,1.0,0.0,0.0,0.0,0.0,1.0
0,1.5646422478060975,-0.47454519624983954,-0.4736736092984604,-0.5609748304808925,-0.8189865811572414,1.0,1.0,0.0,0.0,1.0,0.0,0.0,0.0,1.0
0,0.3619300583329362,-0.47454519624983954,-0.4736736092984604,-0.5609748304808925,-0.7841792430073967,1.0,0.0,1.0,0.0,1.0,0.0,0.0,0.0,1.0
1,-0.41629547603205047,0.4327933656785018,2.0089333664952354,1.299429290952638,1.2673242399099218,0.0,0.0,1.0,1.0,0.0,0.0,0.0,1.0,0.0
0,0.29118228248157374,0.4327933656785018,0.7676298785983874,0.6792945838081278,-0.23528881360946907,1.0,0.0,1.0,0.0,1.0,0.0,0.0,0.0,1.0
0,-0.27479992432932565,0.4327933656785018,-0.4736736092984604,0.059159876663617696,-0.12717266791993012,0.0,0.0,1.0,0.0,0.0,1.0,0.0,0.0,1.0
1,-1.831250993059299,1.340131927606843,0.7676298785983874,1.299429290952638,0.750263780890198,0.0,0.0,1.0,1.0,0.0,0.0,0.0,1.0,0.0
0,-0.27479992432932565,-0.47454519624983954,-0.4736736092984604,-0.5609748304808925,-0.5368057694182641,1.0,0.0,1.0,0.0,1.0,0.0,0.0,1.0,0.0
0,-0.2040521484779632,0.4327933656785018,-0.4736736092984604,0.059159876663617696,-0.23166125968823223,1.0,0.0,0.0,0.0,1.0,0.0,0.0,0.0,1.0
1,0.8571644892924731,0.4327933656785018,-0.4736736092984604,0.059159876663617696,1.0515683442816504,1.0,0.0,1.0,0.0,1.0,0.0,0.0,0.0,0.0
1,-0.6992865794375002,0.4327933656785018,0.7676298785983874,0.6792945838081278,-0.14903715526900022,1.0,0.0,0.0,0.0,1.0,0.0,0.0,0.0,1.0
0,-0.6285388035861378,-0.47454519624983954,-0.4736736092984604,-0.5609748304808925,-0.806763380796033,1.0,0.0,1.0,0.0,1.0,0.0,0.0,0.0,1.0
0,-0.6285388035861378,-0.47454519624983954,-0.4736736092984604,-0.5609748304808925,-0.12717266791993012,1.0,0.0,1.0,0.0,1.0,0.0,0.0,0.0,1.0
0,2.201372230468359,-0.47454519624983954,-0.4736736092984604,-0.5609748304808925,0.5616248415955212,1.0,0.0,1.0,0.0,1.0,0.0,0.0,0.0,0.0
0,1.9183811270629094,-0.47454519624983954,-0.4736736092984604,-0.5609748304808925,-0.38278544498532663,1.0,1.0,0.0,0.0,0.0,0.0,1.0,1.0,0.0
1,-0.6285388035861378,-0.47454519624983954,-0.4736736092984604,-0.5609748304808925,1.452419049919151,0.0,0.0,1.0,1.0,0.0,0.0,0.0,0.0,0.0
0,-0.27479992432932565,-0.47454519624983954,-0.4736736092984604,-0.5609748304808925,-0.8019236166026618,1.0,0.0,1.0,0.0,1.0,0.0,0.0,0.0,1.0
0,-0.6285388035861378,-0.47454519624983954,-0.4736736092984604,-0.5609748304808925,-0.8209591021193487,1.0,1.0,0.0,0.0,1.0,0.0,0.0,0.0,1.0
1,3.545579971644245,-0.47454519624983954,-0.4736736092984604,-0.5609748304808925,0.4870824563024251,1.0,0.0,1.0,0.0,1.0,0.0,0.0,0.0,0.0
0,1.493894471954735,-0.47454519624983954,-0.4736736092984604,-0.5609748304808925,-0.9045411875888885,1.0,0.0,1.0,0.0,1.0,0.0,0.0,0.0,1.0
1,0.14968673077884892,-0.47454519624983954,-0.4736736092984604,-0.5609748304808925,0.5036031274312862,1.0,0.0,0.0,0.0,0.0,0.0,1.0,0.0,0.0
0,0.6802950496640671,-0.47454519624983954,-0.4736736092984604,-0.5609748304808925,-3.0585777291682934,1.0,0.0,1.0,0.0,1.0,0.0,0.0,0.0,0.0
0,-1.477512113802487,2.2474704895351842,2.0089333664952354,2.5396987052416584,0.4146557174979072,0.0,0.0,1.0,1.0,0.0,0.0,0.0,0.0,1.0
1,-0.13330437262660078,-0.47454519624983954,-0.4736736092984604,-0.5609748304808925,-0.3336984726090336,0.0,0.0,1.0,1.0,0.0,0.0,0.0,1.0,0.0
0,0.14968673077884892,-0.47454519624983954,-0.4736736092984604,-0.5609748304808925,-0.798539974052802,1.0,0.0,1.0,0.0,1.0,0.0,0.0,0.0,1.0
0,0.07893895492748648,0.4327933656785018,0.7676298785983874,0.6792945838081278,0.35395586016517094,1.0,0.0,1.0,0.0,1.0,0.0,0.0,1.0,0.0
0,0.7864167134411107,-0.47454519624983954,5.73284383018578,2.5396987052416584,0.7678594338107121,0.0,0.0,1.0,0.0,0.0,1.0,0.0,0.0,1.0
0,-0.2040521484779632,0.4327933656785018,-0.4736736092984604,0.059159876663617696,-0.12717266791993012,1.0,0.0,1.0,0.0,1.0,0.0,0.0,0.0,1.0
0,-0.6992865794375002,-0.47454519624983954,-0.4736736092984604,-0.5609748304808925,-0.806763380796033,1.0,0.0,1.0,0.0,1.0,0.0,0.0,0.0,1.0
1,-0.41629547603205047,-0.47454519624983954,-0.4736736092984604,-0.5609748304808925,1.3324938581871215,0.0,0.0,0.0,0.0,0.0,0.0,1.0,0.0,0.0
0,-1.9727465447620238,2.2474704895351842,2.0089333664952354,2.5396987052416584,0.4146557174979072,0.0,0.0,1.0,1.0,0.0,0.0,0.0,0.0,1.0
1,0.14968673077884892,-0.47454519624983954,-0.4736736092984604,-0.5609748304808925,1.1248955097361604,1.0,0.0,1.0,0.0,1.0,0.0,0.0,0.0,1.0
1,-2.061181264576227,1.340131927606843,0.7676298785983874,1.299429290952638,0.047825129435189045,0.0,0.0,0.0,1.0,0.0,0.0,0.0,0.0,1.0
1,1.2816511444006478,0.4327933656785018,-0.4736736092984604,0.059159876663617696,1.4362199751817062,1.0,0.0,0.0,0.0,1.0,0.0,0.0,0.0,0.0
0,-0.7700343552888627,-0.47454519624983954,-0.4736736092984604,-0.5609748304808925,-0.8019236166026618,1.0,0.0,1.0,0.0,1.0,0.0,0.0,0.0,1.0
1,1.847633351211547,-0.47454519624983954,-0.4736736092984604,-0.5609748304808925,0.6557188297748954,1.0,0.0,0.0,0.0,0.0,0.0,1.0,0.0,0.0
0,0.8571644892924731,-0.47454519624983954,-0.4736736092984604,-0.5609748304808925,-0.8428609376877135,1.0,0.0,1.0,0.0,1.0,0.0,0.0,0.0,1.0
1,-0.4870432518834129,-0.47454519624983954,-0.4736736092984604,-0.5609748304808925,-0.8428609376877135,0.0,0.0,1.0,1.0,0.0,0.0,0.0,0.0,1.0
0,-0.20829701502904488,-0.47454519624983954,-0.4736736092984604,-0.5609748304808925,-0.8019236166026618,1.0,0.0,1.0,0.0,1.0,0.0,0.0,0.0,1.0
1,-0.840782131140225,-0.47454519624983954,0.7676298785983874,0.059159876663617696,0.2228261499229997,0.0,0.0,1.0,1.0,0.0,0.0,0.0,1.0,0.0
0,-0.6285388035861378,-0.47454519624983954,-0.4736736092984604,-0.5609748304808925,-0.741349052303618,1.0,0.0,1.0,0.0,1.0,0.0,0.0,0.0,1.0
1,-0.5995322154870791,-0.47454519624983954,-0.4736736092984604,-0.5609748304808925,-0.809682843697731,0.0,1.0,0.0,1.0,0.0,0.0,0.0,0.0,1.0
0,-0.840782131140225,-0.47454519624983954,-0.4736736092984604,-0.5609748304808925,-0.9442940832331417,0.0,1.0,0.0,1.0,0.0,0.0,0.0,0.0,1.0
0,-0.41629547603205047,1.340131927606843,-0.4736736092984604,0.6792945838081278,1.3924082286355355,1.0,0.0,1.0,0.0,1.0,0.0,0.0,1.0,0.0
0,-0.20829701502904488,-0.47454519624983954,-0.4736736092984604,-0.5609748304808925,-0.8019236166026618,1.0,0.0,1.0,0.0,1.0,0.0,0.0,0.0,1.0
0,0.14968673077884892,0.4327933656785018,0.7676298785983874,0.6792945838081278,-0.16405229962564447,0.0,1.0,0.0,0.0,0.0,1.0,0.0,0.0,1.0
0,-0.4870432518834129,-0.47454519624983954,-0.4736736092984604,-0.5609748304808925,-0.3336984726090336,1.0,0.0,1.0,0.0,1.0,0.0,0.0,1.0,0.0
0,1.989128902914272,-0.47454519624983954,2.0089333664952354,0.6792945838081278,1.834129231109428,1.0,0.0,0.0,0.0,1.0,0.0,0.0,0.0,0.0
1,1.4231466961033725,1.340131927606843,-0.4736736092984604,0.6792945838081278,2.003535801391161,1.0,0.0,1.0,0.0,0.0,0.0,1.0,0.0,0.0
0,0.7156689375897483,-0.47454519624983954,-0.4736736092984604,-0.5609748304808925,-0.8828741679067217,1.0,0.0,0.0,0.0,1.0,0.0,0.0,0.0,1.0
0,1.2109033685492854,-0.47454519624983954,-0.4736736092984604,-0.5609748304808925,0.32854312829417104,1.0,0.0,1.0,0.0,1.0,0.0,0.0,0.0,0.0
0,0.4326778341842986,-0.47454519624983954,-0.4736736092984604,-0.5609748304808925,-0.8494271027413144,1.0,0.0,1.0,0.0,1.0,0.0,0.0,0.0,1.0
1,-0.6992865794375002,0.4327933656785018,-0.4736736092984604,0.059159876663617696,-0.798539974052802,1.0,0.0,1.0,0.0,1.0,0.0,0.0,0.0,1.0
0,0.14968673077884892,1.340131927606843,-0.4736736092984604,0.6792945838081278,1.3924082286355355,1.0,0.0,1.0,0.0,1.0,0.0,0.0,1.0,0.0
0,-0.3455477001806881,-0.47454519624983954,-0.4736736092984604,-0.5609748304808925,-0.3336984726090336,1.0,0.0,1.0,0.0,1.0,0.0,0.0,1.0,0.0
0,0.22043450663021133,-0.47454519624983954,-0.4736736092984604,-0.5609748304808925,-0.8160407306065733,1.0,0.0,1.0,0.0,1.0,0.0,0.0,0.0,1.0
0,0.9279122651438356,-0.47454519624983954,-0.4736736092984604,-0.5609748304808925,-0.7841792430073967,1.0,0.0,1.0,0.0,1.0,0.0,0.0,0.0,1.0
1,0.3619300583329362,0.4327933656785018,-0.4736736092984604,0.059159876663617696,1.0408277503255374,0.0,0.0,1.0,0.0,0.0,1.0,0.0,0.0,0.0
1,0.7156689375897483,0.4327933656785018,0.7676298785983874,0.6792945838081278,0.750263780890198,0.0,0.0,1.0,0.0,0.0,1.0,0.0,1.0,0.0
0,0.07893895492748648,0.4327933656785018,-0.4736736092984604,0.059159876663617696,1.0408277503255374,1.0,0.0,1.0,0.0,1.0,0.0,0.0,0.0,0.0
0,2.838102213130621,-0.47454519624983954,-0.4736736092984604,-0.5609748304808925,-0.5368057694182641,1.0,0.0,1.0,0.0,1.0,0.0,0.0,1.0,0.0
1,0.07893895492748648,-0.47454519624983954,-0.4736736092984604,-0.5609748304808925,-0.3336984726090336,1.0,0.0,1.0,0.0,1.0,0.0,0.0,1.0,0.0
0,0.24873361697075622,-0.47454519624983954,-0.4736736092984604,-0.5609748304808925,-3.0585777291682934,1.0,0.0,1.0,0.0,1.0,0.0,0.0,1.0,0.0
0,-0.840782131140225,-0.47454519624983954,-0.4736736092984604,-0.5609748304808925,-0.8160407306065733,1.0,0.0,1.0,0.0,1.0,0.0,0.0,0.0,1.0
0,-0.3809215881063693,-0.47454519624983954,-0.4736736092984604,-0.5609748304808925,-0.7841792430073967,1.0,0.0,1.0,0.0,1.0,0.0,0.0,0.0,1.0
1,-0.840782131140225,-0.47454519624983954,-0.4736736092984604,-0.5609748304808925,-0.597669953407196,0.0,0.0,1.0,1.0,0.0,0.0,0.0,0.0,1.0
0,0.9279122651438356,0.4327933656785018,6.974147318082627,3.779968119530679,0.936361092700485,0.0,0.0,1.0,0.0,0.0,1.0,0.0,0.0,1.0
1,0.4326778341842986,-0.47454519624983954,0.7676298785983874,0.059159876663617696,3.3852937438182273,1.0,0.0,0.0,0.0,1.0,0.0,0.0,0.0,0.0
0,-0.8054082432145439,-0.47454519624983954,-0.4736736092984604,-0.5609748304808925,-0.774244266805356,0.0,1.0,0.0,1.0,0.0,0.0,0.0,0.0,1.0
1,-0.2040521484779632,-0.47454519624983954,-0.4736736092984604,-0.5609748304808925,1.4362199751817062,1.0,0.0,0.0,0.0,1.0,0.0,0.0,0.0,0.0
0,-0.6992865794375002,-0.47454519624983954,-0.4736736092984604,-0.5609748304808925,-0.658138561741074,1.0,0.0,1.0,0.0,1.0,0.0,0.0,0.0,1.0
0,-1.1237732345456748,4.0621476133918675,2.0089333664952354,3.779968119530679,0.936361092700485,1.0,0.0,1.0,0.0,1.0,0.0,0.0,0.0,1.0
0,2.130624454616997,0.4327933656785018,0.7676298785983874,0.6792945838081278,0.750263780890198,1.0,0.0,1.0,0.0,1.0,0.0,0.0,1.0,0.0
0,-0.3455477001806881,0.4327933656785018,2.0089333664952354,1.299429290952638,0.8147822510349934,1.0,0.0,0.0,0.0,1.0,0.0,0.0,1.0,0.0
0,-1.1237732345456748,3.1548090514635256,0.7676298785983874,2.5396987052416584,0.7678594338107121,1.0,0.0,1.0,0.0,1.0,0.0,0.0,0.0,1.0
0,-0.7700343552888627,-0.47454519624983954,-0.4736736092984604,-0.5609748304808925,-0.5667940759868451,1.0,0.0,1.0,0.0,1.0,0.0,0.0,0.0,1.0
0,-0.840782131140225,-0.47454519624983954,-0.4736736092984604,-0.5609748304808925,-0.8135961720983267,1.0,0.0,1.0,0.0,1.0,0.0,0.0,0.0,1.0
1,-1.0530254586943124,-0.47454519624983954,0.7676298785983874,0.059159876663617696,2.4738467350641637,0.0,0.0,1.0,1.0,0.0,0.0,0.0,0.0,0.0
1,0.07893895492748648,0.4327933656785018,-0.4736736092984604,0.059159876663617696,1.1339105535671157,1.0,0.0,1.0,0.0,1.0,0.0,0.0,0.0,0.0
1,-1.831250993059299,-0.47454519624983954,0.7676298785983874,0.059159876663617696,-0.3034147385612252,0.0,0.0,0.0,1.0,0.0,0.0,0.0,0.0,1.0
1,0.14968673077884892,-0.47454519624983954,-0.4736736092984604,-0.5609748304808925,1.1248955097361604,1.0,0.0,1.0,0.0,1.0,0.0,0.0,0.0,1.0
0,-0.3455477001806881,-0.47454519624983954,-0.4736736092984604,-0.5609748304808925,-0.8828741679067217,1.0,0.0,0.0,0.0,1.0,0.0,0.0,0.0,1.0
0,2.130624454616997,-0.47454519624983954,-0.4736736092984604,-0.5609748304808925,0.36526093570402607,1.0,0.0,1.0,0.0,0.0,0.0,1.0,0.0,0.0
0,1.5646422478060975,-0.47454519624983954,-0.4736736092984604,-0.5609748304808925,-0.29746598596845064,1.0,0.0,1.0,0.0,1.0,0.0,0.0,1.0,0.0
0,0.998660040995198,-0.47454519624983954,-0.4736736092984604,-0.5609748304808925,-0.7841792430073967,1.0,0.0,1.0,0.0,1.0,0.0,0.0,0.0,1.0
1,-0.9822776828429499,-0.47454519624983954,-0.4736736092984604,-0.5609748304808925,-0.8209591021193487,0.0,1.0,0.0,1.0,0.0,0.0,0.0,0.0,1.0
0,1.3523989202520101,0.4327933656785018,0.7676298785983874,0.6792945838081278,1.812289926928167,1.0,0.0,0.0,0.0,1.0,0.0,0.0,0.0,0.0
0,0.8571644892924731,-0.47454519624983954,-0.4736736092984604,-0.5609748304808925,-0.830854756854953,1.0,0.0,1.0,0.0,1.0,0.0,0.0,0.0,1.0
1,-0.840782131140225,0.4327933656785018,-0.4736736092984604,0.059159876663617696,2.5497045522452972,0.0,0.0,0.0,0.0,0.0,1.0,0.0,0.0,0.0
1,0.3619300583329362,-0.47454519624983954,-0.4736736092984604,-0.5609748304808925,0.3553757823476229,1.0,0.0,1.0,0.0,1.0,0.0,0.0,0.0,0.0
0,-0.840782131140225,-0.47454519624983954,0.7676298785983874,0.059159876663617696,-0.23166125968823223,0.0,0.0,0.0,1.0,0.0,0.0,0.0,0.0,1.0
0,-0.3455477001806881,-0.47454519624983954,-0.4736736092984604,-0.5609748304808925,-0.8199664648688783,1.0,1.0,0.0,0.0,1.0,0.0,0.0,0.0,1.0
0,-0.27479992432932565,0.4327933656785018,-0.4736736092984604,0.059159876663617696,-0.806763380796033,1.0,0.0,1.0,0.0,1.0,0.0,0.0,0.0,1.0
0,0.6449211617383859,-0.47454519624983954,-0.4736736092984604,-0.5609748304808925,0.3444394801955362,1.0,0.0,1.0,0.0,1.0,0.0,0.0,1.0,0.0
1,1.0694078168465604,-0.47454519624983954,-0.4736736092984604,-0.5609748304808925,-0.29746598596845064,0.0,0.0,1.0,0.0,0.0,1.0,0.0,1.0,0.0
1,0.8571644892924731,-0.47454519624983954,-0.4736736092984604,-0.5609748304808925,0.3553757823476229,1.0,0.0,1.0,0.0,1.0,0.0,0.0,0.0,0.0
1,-0.5577910277347753,-0.47454519624983954,-0.4736736092984604,-0.5609748304808925,2.132408321022389,0.0,0.0,1.0,1.0,0.0,0.0,0.0,0.0,0.0
1,-1.6197151432637253,0.4327933656785018,0.7676298785983874,0.6792945838081278,-0.1800831698720664,1.0,0.0,0.0,0.0,0.0,0.0,0.0,0.0,1.0
1,-0.41629547603205047,-0.47454519624983954,-0.4736736092984604,-0.5609748304808925,0.9910237262754293,0.0,0.0,0.0,0.0,0.0,0.0,1.0,0.0,0.0
0,1.9714419589514314,-0.47454519624983954,-0.4736736092984604,-0.5609748304808925,0.36526093570402607,1.0,0.0,1.0,0.0,1.0,0.0,0.0,0.0,0.0
1,1.2816511444006478,0.4327933656785018,-0.4736736092984604,0.059159876663617696,1.0408277503255374,1.0,0.0,1.0,0.0,1.0,0.0,0.0,0.0,0.0
0,-0.06255659677523837,-0.47454519624983954,-0.4736736092984604,-0.5609748304808925,-0.6323794480268654,1.0,0.0,1.0,0.0,1.0,0.0,0.0,0.0,1.0
0,1.5646422478060975,-0.47454519624983954,-0.4736736092984604,-0.5609748304808925,-0.3336984726090336,1.0,0.0,1.0,0.0,1.0,0.0,0.0,1.0,0.0
0,-0.7700343552888627,-0.47454519624983954,-0.4736736092984604,-0.5609748304808925,-0.830854756854953,1.0,0.0,1.0,0.0,1.0,0.0,0.0,0.0,1.0
1,0.5741733858870235,-0.47454519624983954,-0.4736736092984604,-0.5609748304808925,2.5497045522452972,0.0,0.0,0.0,1.0,0.0,0.0,0.0,0.0,0.0
1,-0.2040521484779632,-0.47454519624983954,-0.4736736092984604,-0.5609748304808925,-0.5368057694182641,0.0,0.0,1.0,1.0,0.0,0.0,0.0,1.0,0.0
0,1.267501589230375,-0.47454519624983954,-0.4736736092984604,-0.5609748304808925,-0.16405229962564447,1.0,1.0,0.0,0.0,1.0,0.0,0.0,0.0,1.0
0,0.22043450663021133,-0.47454519624983954,-0.4736736092984604,-0.5609748304808925,-0.8160407306065733,1.0,0.0,1.0,0.0,1.0,0.0,0.0,0.0,1.0
1,-1.689755441356574,-0.47454519624983954,0.7676298785983874,0.059159876663617696,0.5824597491940529,0.0,0.0,1.0,1.0,0.0,0.0,0.0,1.0,0.0
0,-0.9115299069915874,0.4327933656785018,-0.4736736092984604,0.059159876663617696,-0.9045411875888885,1.0,0.0,1.0,0.0,1.0,0.0,0.0,0.0,1.0
0,0.29118228248157374,-0.47454519624983954,-0.4736736092984604,-0.5609748304808925,-0.3336984726090336,1.0,0.0,1.0,0.0,1.0,0.0,0.0,1.0,0.0
0,1.4231466961033725,-0.47454519624983954,-0.4736736092984604,-0.5609748304808925,-0.3336984726090336,1.0,0.0,1.0,0.0,1.0,0.0,0.0,1.0,0.0
1,-0.2040521484779632,0.4327933656785018,-0.4736736092984604,0.059159876663617696,1.0620380556287106,1.0,0.0,1.0,0.0,1.0,0.0,0.0,0.0,0.0
0,-0.6992865794375002,-0.47454519624983954,-0.4736736092984604,-0.5609748304808925,-0.7165619336211217,1.0,0.0,1.0,0.0,1.0,0.0,0.0,0.0,1.0
1,0.00819117907612406,2.2474704895351842,-0.4736736092984604,1.299429290952638,0.1329851701219792,0.0,0.0,1.0,0.0,0.0,1.0,0.0,1.0,0.0
1,-0.7233408232269634,-0.47454519624983954,-0.4736736092984604,-0.5609748304808925,-0.8204626642072291,0.0,1.0,0.0,1.0,0.0,0.0,0.0,0.0,1.0
0,-0.3455477001806881,0.4327933656785018,-0.4736736092984604,0.059159876663617696,0.3444394801955362,1.0,0.0,1.0,0.0,1.0,0.0,0.0,1.0,0.0
0,-0.3455477001806881,0.4327933656785018,-0.4736736092984604,0.059159876663617696,-0.798539974052802,0.0,0.0,1.0,1.0,0.0,0.0,0.0,0.0,1.0
1,-0.06255659677523837,-0.47454519624983954,-0.4736736092984604,-0.5609748304808925,2.4738467350641637,0.0,0.0,1.0,1.0,0.0,0.0,0.0,0.0,0.0
0,-1.336016562099762,-0.47454519624983954,-0.4736736092984604,-0.5609748304808925,0.023546289947323752,1.0,0.0,0.0,0.0,1.0,0.0,0.0,0.0,1.0
0,0.24873361697075622,-0.47454519624983954,-0.4736736092984604,-0.5609748304808925,-3.0585777291682934,1.0,0.0,1.0,0.0,1.0,0.0,0.0,1.0,0.0
0,-0.4870432518834129,-0.47454519624983954,-0.4736736092984604,-0.5609748304808925,-0.3336984726090336,1.0,0.0,1.0,0.0,1.0,0.0,0.0,1.0,0.0
0,-0.4870432518834129,-0.47454519624983954,-0.4736736092984604,-0.5609748304808925,-0.3336984726090336,1.0,0.0,1.0,0.0,1.0,0.0,0.0,1.0,0.0
0,-0.09793048470091957,-0.47454519624983954,-0.4736736092984604,-0.5609748304808925,-0.12717266791993012,1.0,0.0,1.0,0.0,1.0,0.0,0.0,0.0,1.0
0,1.2816511444006478,0.4327933656785018,3.250236854392083,1.9195639980971482,0.6233938271906204,0.0,0.0,1.0,0.0,0.0,1.0,0.0,0.0,1.0
1,0.3619300583329362,-0.47454519624983954,-0.4736736092984604,-0.5609748304808925,3.3852937438182273,1.0,0.0,0.0,0.0,1.0,0.0,0.0,0.0,0.0
0,-0.20829701502904488,-0.47454519624983954,-0.4736736092984604,-0.5609748304808925,-0.8019236166026618,1.0,0.0,1.0,0.0,1.0,0.0,0.0,0.0,1.0
0,-0.20829701502904488,-0.47454519624983954,-0.4736736092984604,-0.5609748304808925,-0.8019236166026618,1.0,0.0,1.0,0.0,1.0,0.0,0.0,0.0,1.0
1,1.7415116874345034,-0.47454519624983954,-0.4736736092984604,-0.5609748304808925,0.4870824563024251,1.0,0.0,1.0,0.0,1.0,0.0,0.0,0.0,0.0
0,0.4326778341842986,0.4327933656785018,-0.4736736092984604,0.059159876663617696,1.464014258564117,1.0,0.0,1.0,0.0,1.0,0.0,0.0,0.0,0.0
1,-0.6285388035861378,1.340131927606843,2.0089333664952354,1.9195639980971482,2.6962534687059603,0.0,0.0,0.0,1.0,0.0,0.0,0.0,0.0,0.0
0,-0.41629547603205047,0.4327933656785018,-0.4736736092984604,0.059159876663617696,-0.12717266791993012,1.0,0.0,1.0,0.0,1.0,0.0,0.0,0.0,1.0
1,0.07893895492748648,-0.47454519624983954,-0.4736736092984604,-0.5609748304808925,-0.798539974052802,1.0,0.0,1.0,0.0,1.0,0.0,0.0,0.0,1.0
0,2.838102213130621,0.4327933656785018,0.7676298785983874,0.6792945838081278,1.3571652197109427,1.0,0.0,1.0,0.0,0.0,0.0,1.0,0.0,0.0
0,-0.9822776828429499,0.4327933656785018,0.7676298785983874,0.6792945838081278,0.0971716406458445,1.0,0.0,1.0,0.0,1.0,0.0,0.0,0.0,1.0
1,0.00819117907612406,-0.47454519624983954,-0.4736736092984604,-0.5609748304808925,-0.3336984726090336,0.0,0.0,1.0,1.0,0.0,0.0,0.0,1.0,0.0
0,-0.7700343552888627,0.4327933656785018,-0.4736736092984604,0.059159876663617696,1.0620380556287106,1.0,0.0,1.0,0.0,1.0,0.0,0.0,0.0,0.0
0,0.07893895492748648,-0.47454519624983954,-0.4736736092984604,-0.5609748304808925,-0.8189865811572414,1.0,1.0,0.0,0.0,1.0,0.0,0.0,0.0,1.0
1,-1.831250993059299,0.4327933656785018,0.7676298785983874,0.6792945838081278,0.2228261499229997,0.0,0.0,1.0,1.0,0.0,0.0,0.0,1.0,0.0
1,-1.689755441356574,-0.47454519624983954,0.7676298785983874,0.059159876663617696,-0.37316263612134226,1.0,0.0,1.0,0.0,0.0,0.0,0.0,0.0,1.0
0,0.22043450663021133,-0.47454519624983954,-0.4736736092984604,-0.5609748304808925,-0.6307359423566569,1.0,0.0,1.0,0.0,1.0,0.0,0.0,0.0,1.0
0,-0.4870432518834129,-0.47454519624983954,-0.4736736092984604,-0.5609748304808925,-0.8019236166026618,1.0,0.0,1.0,0.0,1.0,0.0,0.0,0.0,1.0
1,1.2816511444006478,0.4327933656785018,2.0089333664952354,1.299429290952638,1.2673242399099218,0.0,0.0,1.0,0.0,0.0,1.0,0.0,1.0,0.0
1,-2.066841086644336,0.4327933656785018,0.7676298785983874,0.6792945838081278,-0.2286058134653583,1.0,0.0,1.0,0.0,0.0,0.0,0.0,1.0,0.0
0,-0.13330437262660078,-0.47454519624983954,-0.4736736092984604,-0.5609748304808925,-0.8135961720983267,1.0,0.0,1.0,0.0,1.0,0.0,0.0,0.0,1.0
0,-0.840782131140225,-0.47454519624983954,-0.4736736092984604,-0.5609748304808925,-0.4507125974257932,1.0,0.0,1.0,0.0,1.0,0.0,0.0,1.0,0.0
0,0.29118228248157374,-0.47454519624983954,-0.4736736092984604,-0.5609748304808925,-0.7841792430073967,1.0,0.0,1.0,0.0,1.0,0.0,0.0,0.0,1.0
1,0.22043450663021133,-0.47454519624983954,-0.4736736092984604,-0.5609748304808925,1.5584783893656837,0.0,0.0,1.0,0.0,0.0,0.0,1.0,0.0,0.0
0,-0.7700343552888627,-0.47454519624983954,-0.4736736092984604,-0.5609748304808925,-0.2286058134653583,1.0,0.0,1.0,0.0,1.0,0.0,0.0,0.0,1.0
0,0.7864167134411107,-0.47454519624983954,-0.4736736092984604,-0.5609748304808925,-0.8955045384601199,1.0,0.0,1.0,0.0,1.0,0.0,0.0,0.0,1.0
1,-0.6992865794375002,-0.47454519624983954,-0.4736736092984604,-0.5609748304808925,-0.8823470582632056,1.0,0.0,0.0,0.0,1.0,0.0,0.0,0.0,1.0
1,0.4326778341842986,0.4327933656785018,2.0089333664952354,1.299429290952638,1.8931715298766851,0.0,0.0,1.0,0.0,0.0,1.0,0.0,0.0,0.0
0,-0.9822776828429499,-0.47454519624983954,-0.4736736092984604,-0.5609748304808925,-0.8160407306065733,1.0,0.0,1.0,0.0,1.0,0.0,0.0,0.0,1.0
1,1.493894471954735,0.4327933656785018,-0.4736736092984604,0.059159876663617696,1.452419049919151,0.0,0.0,1.0,0.0,0.0,1.0,0.0,0.0,0.0
0,1.225052923719558,-0.47454519624983954,-0.4736736092984604,-0.5609748304808925,0.7656365698356679,1.0,0.0,0.0,0.0,0.0,0.0,1.0,0.0,0.0
0,0.04356506700180527,-0.47454519624983954,-0.4736736092984604,-0.5609748304808925,-0.8189865811572414,0.0,1.0,0.0,1.0,0.0,0.0,0.0,0.0,1.0
0,1.377160641799987,0.4327933656785018,-0.4736736092984604,0.059159876663617696,0.2711522804976662,1.0,1.0,0.0,0.0,1.0,0.0,0.0,0.0,1.0
0,0.14968673077884892,-0.47454519624983954,-0.4736736092984604,-0.5609748304808925,-0.7491276790090223,1.0,0.0,1.0,0.0,1.0,0.0,0.0,0.0,1.0
0,-0.41629547603205047,-0.47454519624983954,-0.4736736092984604,-0.5609748304808925,-0.6307359423566569,1.0,0.0,1.0,0.0,1.0,0.0,0.0,0.0,1.0
0,1.2816511444006478,-0.47454519624983954,-0.4736736092984604,-0.5609748304808925,-0.806763380796033,1.0,0.0,1.0,0.0,1.0,0.0,0.0,0.0,1.0
0,1.9183811270629094,-0.47454519624983954,-0.4736736092984604,-0.5609748304808925,-0.5368057694182641,0.0,0.0,1.0,0.0,0.0,1.0,0.0,1.0,0.0
0,0.4913984881409293,-0.47454519624983954,-0.4736736092984604,-0.5609748304808925,-0.8828741679067217,1.0,0.0,0.0,0.0,1.0,0.0,0.0,0.0,1.0
1,1.7061377995088223,0.4327933656785018,3.250236854392083,1.9195639980971482,0.2228261499229997,0.0,0.0,1.0,0.0,0.0,1.0,0.0,1.0,0.0
0,-0.840782131140225,-0.47454519624983954,-0.4736736092984604,-0.5609748304808925,-0.8189865811572414,1.0,0.0,1.0,0.0,1.0,0.0,0.0,0.0,1.0
0,1.5646422478060975,-0.47454519624983954,-0.4736736092984604,-0.5609748304808925,-0.8189865811572414,1.0,1.0,0.0,0.0,1.0,0.0,0.0,0.0,1.0
1,-1.7605032172079365,-0.47454519624983954,-0.4736736092984604,-0.5609748304808925,-0.37316263612134226,0.0,0.0,1.0,1.0,0.0,0.0,0.0,0.0,1.0
0,0.2918897602400872,-0.47454519624983954,-0.4736736092984604,-0.5609748304808925,-0.8204626642072291,1.0,1.0,0.0,0.0,1.0,0.0,0.0,0.0,1.0
1,0.9279122651438356,-0.47454519624983954,0.7676298785983874,0.059159876663617696,2.4738467350641637,0.0,0.0,1.0,0.0,0.0,1.0,0.0,0.0,0.0
1,-1.1945210103970372,-0.47454519624983954,-0.4736736092984604,-0.5609748304808925,-0.8823470582632056,0.0,0.0,0.0,1.0,0.0,0.0,0.0,0.0,1.0
1,-0.9115299069915874,0.4327933656785018,-0.4736736092984604,0.059159876663617696,1.1339105535671157,0.0,0.0,1.0,0.0,0.0,1.0,0.0,0.0,0.0
0,-0.06255659677523837,-0.47454519624983954,-0.4736736092984604,-0.5609748304808925,0.4870824563024251,1.0,0.0,1.0,0.0,1.0,0.0,0.0,0.0,0.0
0,-0.15665113865755026,0.4327933656785018,2.0089333664952354,1.299429290952638,0.24200663802437702,1.0,0.0,1.0,0.0,1.0,0.0,0.0,0.0,1.0
0,-0.3455477001806881,-0.47454519624983954,-0.4736736092984604,-0.5609748304808925,-0.9050797531497122,1.0,0.0,1.0,0.0,1.0,0.0,0.0,0.0,1.0
0,-0.3455477001806881,-0.47454519624983954,-0.4736736092984604,-0.5609748304808925,-0.8797405693934278,1.0,0.0,1.0,0.0,1.0,0.0,0.0,0.0,1.0
1,-0.840782131140225,-0.47454519624983954,-0.4736736092984604,-0.5609748304808925,-0.8494271027413144,0.0,0.0,1.0,1.0,0.0,0.0,0.0,0.0,1.0
0,-1.5482598896538493,3.1548090514635256,0.7676298785983874,2.5396987052416584,0.457519539438721,1.0,1.0,0.0,0.0,0.0,0.0,0.0,0.0,1.0
1,-2.0434943206133864,0.4327933656785018,2.0089333664952354,1.299429290952638,0.11284358066326507,1.0,0.0,1.0,0.0,0.0,0.0,0.0,0.0,1.0
0,1.1401555926979228,-0.47454519624983954,-0.4736736092984604,-0.5609748304808925,1.4685301291949246,1.0,0.0,0.0,0.0,1.0,0.0,0.0,0.0,0.0
0,1.5646422478060975,-0.47454519624983954,-0.4736736092984604,-0.5609748304808925,-0.8189865811572414,1.0,1.0,0.0,0.0,1.0,0.0,0.0,0.0,1.0
0,-0.9822776828429499,-0.47454519624983954,-0.4736736092984604,-0.5609748304808925,0.3444394801955362,1.0,0.0,1.0,0.0,1.0,0.0,0.0,1.0,0.0
0,-1.4718522917343777,6.784163299176891,2.0089333664952354,5.64037224096421,1.3361591794576348,0.0,0.0,1.0,1.0,0.0,0.0,0.0,0.0,1.0
0,1.847633351211547,-0.47454519624983954,-0.4736736092984604,-0.5609748304808925,0.5100012756239033,1.0,0.0,0.0,0.0,1.0,0.0,0.0,0.0,0.0
0,-0.3455477001806881,-0.47454519624983954,-0.4736736092984604,-0.5609748304808925,-0.8019236166026618,1.0,0.0,1.0,0.0,1.0,0.0,0.0,0.0,1.0
0,0.6449211617383859,-0.47454519624983954,-0.4736736092984604,-0.5609748304808925,-0.3336984726090336,1.0,0.0,1.0,0.0,1.0,0.0,0.0,1.0,0.0
1,1.3523989202520101,-0.47454519624983954,-0.4736736092984604,-0.5609748304808925,0.3417284274758476,0.0,0.0,1.0,0.0,0.0,0.0,1.0,0.0,0.0
1,0.07893895492748648,-0.47454519624983954,-0.4736736092984604,-0.5609748304808925,-0.7143416664249429,0.0,0.0,1.0,0.0,0.0,1.0,0.0,0.0,1.0
0,0.00819117907612406,-0.47454519624983954,-0.4736736092984604,-0.5609748304808925,-0.8823470582632056,1.0,0.0,0.0,0.0,1.0,0.0,0.0,0.0,1.0
0,0.00819117907612406,0.4327933656785018,0.7676298785983874,0.6792945838081278,0.2711522804976662,0.0,0.0,1.0,0.0,0.0,1.0,0.0,0.0,1.0
0,0.29118228248157374,-0.47454519624983954,-0.4736736092984604,-0.5609748304808925,-0.3336984726090336,1.0,0.0,1.0,0.0,1.0,0.0,0.0,1.0,0.0
1,0.07893895492748648,0.4327933656785018,0.7676298785983874,0.6792945838081278,0.35395586016517094,0.0,0.0,1.0,0.0,0.0,1.0,0.0,1.0,0.0
1,-1.336016562099762,0.4327933656785018,2.0089333664952354,1.299429290952638,1.8931715298766851,1.0,0.0,1.0,0.0,0.0,0.0,0.0,0.0,0.0
1,-2.0845280306071765,-0.47454519624983954,0.7676298785983874,0.059159876663617696,-0.7322606388880221,1.0,0.0,0.0,0.0,0.0,0.0,0.0,0.0,1.0
1,-0.2040521484779632,-0.47454519624983954,-0.4736736092984604,-0.5609748304808925,-0.9147445967366699,1.0,0.0,1.0,0.0,1.0,0.0,0.0,0.0,1.0
0,0.07893895492748648,-0.47454519624983954,-0.4736736092984604,-0.5609748304808925,-0.8160407306065733,1.0,0.0,1.0,0.0,1.0,0.0,0.0,0.0,1.0
0,0.6449211617383859,-0.47454519624983954,-0.4736736092984604,-0.5609748304808925,-3.0585777291682934,1.0,0.0,1.0,0.0,1.0,0.0,0.0,0.0,0.0
0,-0.840782131140225,-0.47454519624983954,-0.4736736092984604,-0.5609748304808925,-0.8160407306065733,0.0,0.0,1.0,1.0,0.0,0.0,0.0,0.0,1.0
0,0.6449211617383859,-0.47454519624983954,-0.4736736092984604,-0.5609748304808925,-0.3336984726090336,1.0,0.0,1.0,0.0,1.0,0.0,0.0,1.0,0.0
1,0.22043450663021133,0.4327933656785018,-0.4736736092984604,0.059159876663617696,1.0620380556287106,0.0,0.0,1.0,0.0,0.0,1.0,0.0,0.0,0.0
0,-0.27479992432932565,-0.47454519624983954,-0.4736736092984604,-0.5609748304808925,-0.8028874327603485,1.0,0.0,1.0,0.0,1.0,0.0,0.0,0.0,1.0
0,0.6449211617383859,-0.47454519624983954,-0.4736736092984604,-0.5609748304808925,0.2711522804976662,1.0,0.0,1.0,0.0,1.0,0.0,0.0,0.0,1.0
0,0.3619300583329362,-0.47454519624983954,-0.4736736092984604,-0.5609748304808925,-0.5368057694182641,1.0,0.0,1.0,0.0,1.0,0.0,0.0,1.0,0.0
0,-1.689755441356574,3.1548090514635256,2.0089333664952354,3.1598334123861687,0.5286989276421437,0.0,0.0,1.0,1.0,0.0,0.0,0.0,0.0,1.0
0,0.04356506700180527,-0.47454519624983954,-0.4736736092984604,-0.5609748304808925,-0.7841792430073967,1.0,0.0,1.0,0.0,1.0,0.0,0.0,0.0,1.0
0,0.6802950496640671,-0.47454519624983954,-0.4736736092984604,-0.5609748304808925,-3.0585777291682934,1.0,0.0,1.0,0.0,1.0,0.0,0.0,0.0,0.0
0,-0.4870432518834129,-0.47454519624983954,-0.4736736092984604,-0.5609748304808925,-0.798539974052802,0.0,0.0,1.0,1.0,0.0,0.0,0.0,0.0,1.0
0,0.07893895492748648,0.4327933656785018,0.7676298785983874,0.6792945838081278,0.6974165471111633,1.0,0.0,0.0,0.0,1.0,0.0,0.0,1.0,0.0
0,0.9279122651438356,-0.47454519624983954,-0.4736736092984604,-0.5609748304808925,-0.9850567418873891,1.0,0.0,1.0,0.0,1.0,0.0,0.0,0.0,1.0
0,-1.4067643379511243,2.2474704895351842,2.0089333664952354,2.5396987052416584,0.4146557174979072,1.0,0.0,1.0,0.0,0.0,0.0,0.0,0.0,1.0
1,1.5646422478060975,0.4327933656785018,0.7676298785983874,0.6792945838081278,1.6379421972192298,0.0,0.0,1.0,0.0,0.0,1.0,0.0,0.0,0.0
1,-0.2040521484779632,-0.47454519624983954,-0.4736736092984604,-0.5609748304808925,-0.7165619336211217,1.0,0.0,1.0,0.0,1.0,0.0,0.0,0.0,1.0
0,0.5741733858870235,-0.47454519624983954,-0.4736736092984604,-0.5609748304808925,-3.0585777291682934,1.0,0.0,1.0,0.0,0.0,0.0,1.0,0.0,0.0
1,-0.2040521484779632,-0.47454519624983954,0.7676298785983874,0.059159876663617696,-0.37316263612134226,0.0,0.0,1.0,0.0,0.0,1.0,0.0,0.0,1.0
0,-1.9727465447620238,3.1548090514635256,0.7676298785983874,2.5396987052416584,0.7678594338107121,1.0,0.0,1.0,0.0,0.0,0.0,0.0,0.0,1.0
0,0.18859800749709804,-0.47454519624983954,-0.4736736092984604,-0.5609748304808925,-0.9179864201772276,1.0,1.0,0.0,0.0,1.0,0.0,0.0,0.0,1.0
0,0.14968673077884892,-0.47454519624983954,-0.4736736092984604,-0.5609748304808925,1.1248955097361604,1.0,0.0,1.0,0.0,1.0,0.0,0.0,0.0,1.0
1,-2.0434943206133864,-0.47454519624983954,2.0089333664952354,0.6792945838081278,0.6974165471111633,1.0,0.0,0.0,0.0,0.0,0.0,0.0,1.0,0.0
1,1.5646422478060975,-0.47454519624983954,-0.4736736092984604,-0.5609748304808925,-0.8189865811572414,1.0,1.0,0.0,0.0,1.0,0.0,0.0,0.0,1.0
1,2.2721200063197213,-0.47454519624983954,-0.4736736092984604,-0.5609748304808925,1.4787785499834798,0.0,0.0,1.0,0.0,0.0,1.0,0.0,0.0,0.0
1,-1.0530254586943124,0.4327933656785018,-0.4736736092984604,0.059159876663617696,-0.23166125968823223,0.0,0.0,0.0,0.0,0.0,1.0,0.0,0.0,1.0
1,-2.055521442508118,0.4327933656785018,0.7676298785983874,0.6792945838081278,0.021587667954472933,1.0,0.0,1.0,0.0,0.0,0.0,0.0,1.0,0.0
0,-0.3596972553509605,-0.47454519624983954,-0.4736736092984604,-0.5609748304808925,-0.8823470582632056,1.0,0.0,0.0,0.0,1.0,0.0,0.0,0.0,1.0
0,-0.4870432518834129,-0.47454519624983954,-0.4736736092984604,-0.5609748304808925,-0.806763380796033,1.0,0.0,1.0,0.0,1.0,0.0,0.0,0.0,1.0
0,-0.840782131140225,-0.47454519624983954,-0.4736736092984604,-0.5609748304808925,-0.7560434444325566,1.0,0.0,1.0,0.0,1.0,0.0,0.0,0.0,1.0
1,0.6449211617383859,0.4327933656785018,0.7676298785983874,0.6792945838081278,1.5182728441543658,0.0,0.0,0.0,1.0,0.0,0.0,0.0,0.0,0.0
0,-0.6285388035861378,-0.47454519624983954,-0.4736736092984604,-0.5609748304808925,-0.7165619336211217,1.0,0.0,1.0,0.0,1.0,0.0,0.0,0.0,1.0
0,-0.47289369671314047,-0.47454519624983954,-0.4736736092984604,-0.5609748304808925,-0.7841792430073967,1.0,0.0,1.0,0.0,1.0,0.0,0.0,0.0,1.0
1,0.14968673077884892,-0.47454519624983954,-0.4736736092984604,-0.5609748304808925,1.1248955097361604,1.0,0.0,1.0,0.0,1.0,0.0,0.0,0.0,1.0
1,1.989128902914272,-0.47454519624983954,-0.4736736092984604,-0.5609748304808925,0.4770416648490861,1.0,0.0,0.0,0.0,1.0,0.0,0.0,0.0,0.0
0,-0.6992865794375002,-0.47454519624983954,-0.4736736092984604,-0.5609748304808925,-0.798539974052802,1.0,0.0,1.0,0.0,1.0,0.0,0.0,0.0,1.0
0,-0.9822776828429499,-0.47454519624983954,-0.4736736092984604,-0.5609748304808925,-0.5368057694182641,1.0,0.0,1.0,0.0,1.0,0.0,0.0,1.0,0.0
1,0.00819117907612406,-0.47454519624983954,-0.4736736092984604,-0.5609748304808925,0.5198636196706229,0.0,0.0,0.0,1.0,0.0,0.0,0.0,0.0,0.0
0,0.326556170407255,-0.47454519624983954,-0.4736736092984604,-0.5609748304808925,-0.9867906128533871,1.0,0.0,0.0,0.0,1.0,0.0,0.0,0.0,1.0
0,-0.9115299069915874,-0.47454519624983954,-0.4736736092984604,-0.5609748304808925,-0.7165619336211217,1.0,0.0,1.0,0.0,1.0,0.0,0.0,0.0,1.0
0,0.8571644892924731,-0.47454519624983954,-0.4736736092984604,-0.5609748304808925,-0.8428609376877135,1.0,0.0,1.0,0.0,1.0,0.0,0.0,0.0,1.0
0,-0.8174353651092755,6.784163299176891,2.0089333664952354,5.64037224096421,1.3361591794576348,1.0,0.0,1.0,0.0,1.0,0.0,0.0,0.0,1.0
0,0.3619300583329362,-0.47454519624983954,-0.4736736092984604,-0.5609748304808925,-0.8019236166026618,1.0,0.0,0.0,0.0,1.0,0.0,0.0,0.0,1.0
0,-0.13330437262660078,-0.47454519624983954,0.7676298785983874,0.059159876663617696,0.5824597491940529,1.0,0.0,1.0,0.0,0.0,0.0,1.0,1.0,0.0
1,-0.0830734517721334,0.4327933656785018,-0.4736736092984604,0.059159876663617696,1.588760118059578,0.0,0.0,0.0,0.0,0.0,1.0,0.0,0.0,0.0
0,-1.831250993059299,3.1548090514635256,2.0089333664952354,3.1598334123861687,0.5286989276421437,1.0,0.0,1.0,0.0,0.0,0.0,0.0,0.0,1.0
0,3.1210933165360704,-0.47454519624983954,-0.4736736092984604,-0.5609748304808925,-0.8160407306065733,1.0,0.0,1.0,0.0,1.0,0.0,0.0,0.0,1.0
0,-1.477512113802487,0.4327933656785018,0.7676298785983874,0.6792945838081278,-0.1800831698720664,0.0,0.0,0.0,1.0,0.0,0.0,0.0,0.0,1.0
1,-0.9822776828429499,-0.47454519624983954,0.7676298785983874,0.059159876663617696,0.7605376956829671,0.0,0.0,1.0,1.0,0.0,0.0,0.0,0.0,0.0
0,0.998660040995198,0.4327933656785018,-0.4736736092984604,0.059159876663617696,0.3444394801955362,0.0,0.0,1.0,0.0,0.0,1.0,0.0,1.0,0.0
1,-0.840782131140225,-0.47454519624983954,0.7676298785983874,0.059159876663617696,-0.6455926003653025,0.0,0.0,1.0,0.0,0.0,1.0,0.0,0.0,1.0
1,1.0694078168465604,0.4327933656785018,0.7676298785983874,0.6792945838081278,2.218822021910339,0.0,0.0,1.0,0.0,0.0,1.0,0.0,0.0,0.0
1,1.493894471954735,-0.47454519624983954,-0.4736736092984604,-0.5609748304808925,0.36526093570402607,1.0,0.0,1.0,0.0,1.0,0.0,0.0,0.0,0.0
1,-0.41629547603205047,-0.47454519624983954,3.250236854392083,1.299429290952638,0.047825129435189045,0.0,0.0,0.0,0.0,0.0,1.0,0.0,0.0,1.0
0,-0.3596972553509605,-0.47454519624983954,-0.4736736092984604,-0.5609748304808925,-0.8823470582632056,1.0,0.0,0.0,0.0,1.0,0.0,0.0,0.0,1.0
0,0.7864167134411107,1.340131927606843,-0.4736736092984604,0.6792945838081278,-0.2550339477875714,1.0,0.0,1.0,0.0,1.0,0.0,0.0,0.0,1.0
0,-0.6285388035861378,0.4327933656785018,-0.4736736092984604,0.059159876663617696,-0.4507125974257932,1.0,0.0,1.0,0.0,1.0,0.0,0.0,1.0,0.0
1,1.2816511444006478,-0.47454519624983954,-0.4736736092984604,-0.5609748304808925,0.3417284274758476,0.0,0.0,1.0,0.0,0.0,1.0,0.0,0.0,0.0
0,-1.4718522917343777,6.784163299176891,2.0089333664952354,5.64037224096421,1.3361591794576348,0.0,0.0,1.0,1.0,0.0,0.0,0.0,0.0,1.0
0,-0.41629547603205047,-0.47454519624983954,-0.4736736092984604,-0.5609748304808925,-0.3336984726090336,1.0,0.0,1.0,0.0,1.0,0.0,0.0,1.0,0.0
1,0.8571644892924731,-0.47454519624983954,-0.4736736092984604,-0.5609748304808925,-0.3336984726090336,0.0,0.0,1.0,0.0,0.0,1.0,0.0,1.0,0.0
1,-0.2040521484779632,0.4327933656785018,-0.4736736092984604,0.059159876663617696,-0.272262193114855,0.0,0.0,0.0,1.0,0.0,0.0,0.0,1.0,0.0
0,0.07893895492748648,-0.47454519624983954,-0.4736736092984604,-0.5609748304808925,1.0110997852233976,1.0,0.0,1.0,0.0,1.0,0.0,0.0,0.0,0.0
0,-0.06255659677523837,-0.47454519624983954,-0.4736736092984604,-0.5609748304808925,-0.6307359423566569,1.0,0.0,1.0,0.0,1.0,0.0,0.0,0.0,1.0
1,-1.831250993059299,0.4327933656785018,0.7676298785983874,0.6792945838081278,-0.48145578049281335,1.0,0.0,1.0,0.0,0.0,0.0,0.0,0.0,1.0
0,-0.27479992432932565,-0.47454519624983954,-0.4736736092984604,-0.5609748304808925,-0.8019236166026618,1.0,0.0,1.0,0.0,1.0,0.0,0.0,0.0,1.0
1,1.2109033685492854,0.4327933656785018,0.7676298785983874,0.6792945838081278,1.0515683442816504,0.0,0.0,1.0,0.0,0.0,1.0,0.0,0.0,0.0
0,0.22043450663021133,-0.47454519624983954,-0.4736736092984604,-0.5609748304808925,-1.208550389612567,1.0,0.0,1.0,0.0,1.0,0.0,0.0,0.0,0.0
0,1.2109033685492854,-0.47454519624983954,-0.4736736092984604,-0.5609748304808925,-0.6811127586453682,1.0,0.0,1.0,0.0,1.0,0.0,0.0,0.0,1.0
1,-0.13330437262660078,0.4327933656785018,-0.4736736092984604,0.059159876663617696,0.26497567234198965,0.0,0.0,0.0,0.0,0.0,1.0,0.0,1.0,0.0
1,-1.0530254586943124,-0.47454519624983954,-0.4736736092984604,-0.5609748304808925,-0.8828741679067217,0.0,0.0,0.0,1.0,0.0,0.0,0.0,0.0,1.0
0,-0.6992865794375002,-0.47454519624983954,-0.4736736092984604,-0.5609748304808925,-0.5972795597045879,1.0,0.0,1.0,0.0,1.0,0.0,0.0,0.0,1.0
0,-0.7700343552888627,-0.47454519624983954,-0.4736736092984604,-0.5609748304808925,-0.8019236166026618,1.0,0.0,1.0,0.0,1.0,0.0,0.0,0.0,1.0
0,-0.20829701502904488,-0.47454519624983954,-0.4736736092984604,-0.5609748304808925,-0.8019236166026618,1.0,0.0,1.0,0.0,1.0,0.0,0.0,0.0,1.0
1,1.847633351211547,-0.47454519624983954,0.7676298785983874,0.059159876663617696,1.5182728441543658,0.0,0.0,0.0,0.0,0.0,1.0,0.0,0.0,0.0
1,-0.3455477001806881,-0.47454519624983954,0.7676298785983874,0.059159876663617696,0.3444394801955362,0.0,0.0,1.0,0.0,0.0,1.0,0.0,1.0,0.0
0,0.22043450663021133,-0.47454519624983954,-0.4736736092984604,-0.5609748304808925,-0.8019236166026618,1.0,0.0,1.0,0.0,1.0,0.0,0.0,0.0,1.0
0,-0.5577910277347753,-0.47454519624983954,-0.4736736092984604,-0.5609748304808925,-0.5353074585700541,0.0,0.0,1.0,1.0,0.0,0.0,0.0,0.0,1.0
0,-0.13330437262660078,-0.47454519624983954,-0.4736736092984604,-0.5609748304808925,-0.5368057694182641,1.0,0.0,1.0,0.0,1.0,0.0,0.0,1.0,0.0
0,-0.3455477001806881,-0.47454519624983954,-0.4736736092984604,-0.5609748304808925,-0.9050797531497122,1.0,0.0,1.0,0.0,1.0,0.0,0.0,0.0,1.0
0,0.6449211617383859,-0.47454519624983954,5.73284383018578,2.5396987052416584,0.457519539438721,0.0,1.0,0.0,0.0,0.0,1.0,0.0,0.0,1.0
0,-0.2040521484779632,-0.47454519624983954,-0.4736736092984604,-0.5609748304808925,-0.3336984726090336,1.0,0.0,1.0,0.0,0.0,0.0,1.0,1.0,0.0
1,-0.7700343552888627,-0.47454519624983954,-0.4736736092984604,-0.5609748304808925,0.4870824563024251,0.0,0.0,1.0,1.0,0.0,0.0,0.0,0.0,0.0
0,-1.4279886707065332,0.4327933656785018,2.0089333664952354,1.299429290952638,0.24200663802437702,0.0,0.0,1.0,1.0,0.0,0.0,0.0,0.0,1.0
1,-0.27479992432932565,-0.47454519624983954,-0.4736736092984604,-0.5609748304808925,0.4870824563024251,1.0,0.0,0.0,0.0,1.0,0.0,0.0,0.0,0.0
0,0.14968673077884892,-0.47454519624983954,-0.4736736092984604,-0.5609748304808925,-0.8189865811572414,1.0,1.0,0.0,0.0,1.0,0.0,0.0,0.0,1.0
